txn_id,timestamp,robot_id,sku,qty,amount,payment_status
T-000681,2026-06-12 17:17:00,R-06,DRINK-COLA,1,2.5,paid
T-000557,2026-06-12 15:53:00,R-05,SNACK-CHIPS,1,3.0,paid
T-000128,2026-06-13 10:01:00,R-01,DRINK-COLA,1,2.5,paid
T-000512,2026-06-07 12:48:00,R-05,SNACK-CHIPS,1,3.0,paid
T-000764,2026-06-08 19:55:00,R-07,MERCH-PIN,2,12.0,paid
T-000653,2026-06-09 12:03:00,R-06,MERCH-PIN,1,6.0,failed
T-000734,2026-06-04 11:58:00,R-07,SNACK-CHOC,1,3.5,paid
T-000353,2026-06-01 15:38:00,R-04,SNACK-CHIPS,1,3.0,paid
T-000872,2026-06-13 20:10:00,R-08,DRINK-WATER,2,3.0,paid
T-001040,2026-06-07 12:26:00,R-10,DRINK-WATER,1,1.5,paid
T-000790,2026-06-03 17:00:00,R-08,SNACK-CHOC,1,3.5,paid
T-000715,2026-06-02 12:57:00,R-07,SNACK-CHIPS,2,6.0,paid
T-000264,2026-06-02 13:13:00,R-03,SNACK-CHIPS,2,6.0,paid
T-000559,2026-06-12 10:56:00,R-05,DRINK-WATER,1,1.5,refunded
T-001046,2026-06-08 13:58:00,R-10,DRINK-WATER,2,3.0,paid
T-000066,2026-06-07 10:53:00,R-01,DRINK-COLA,2,5.0,paid
T-001091,2026-06-12 21:36:00,R-10,DRINK-WATER,1,1.5,paid
T-000019,2026-06-02 11:04:00,R-01,DRINK-WATER,2,3.0,paid
T-000584,2026-06-14 16:44:00,R-05,SNACK-CHIPS,1,3.0,paid
T-000919,2026-06-05 19:57:00,R-09,MERCH-PIN,1,6.0,refunded
T-000560,2026-06-12 20:49:00,R-05,DRINK-WATER,1,1.5,paid
T-000770,2026-06-01 13:19:00,R-08,DRINK-WATER,1,1.5,paid
T-000498,2026-06-05 15:15:00,R-05,MERCH-PIN,1,6.0,paid
T-001106,2026-06-14 10:34:00,R-10,SNACK-CHOC,1,3.5,failed
T-000667,2026-06-11 18:18:00,R-06,SNACK-CHIPS,3,9.0,paid
T-000874,2026-06-13 11:19:00,R-08,MERCH-PIN,3,18.0,paid
T-000059,2026-06-06 20:10:00,R-01,SNACK-CHIPS,2,6.0,paid
T-001050,2026-06-08 17:05:00,R-10,MERCH-PIN,1,6.0,paid
T-000828,2026-06-07 14:11:00,R-08,MERCH-PIN,2,12.0,paid
T-000432,2026-06-11 14:58:00,R-04,DRINK-COLA,1,2.5,paid
T-000090,2026-06-09 18:48:00,R-01,MERCH-PIN,1,6.0,paid
T-001076,2026-06-11 10:35:00,R-10,MERCH-PIN,3,18.0,paid
T-000867,2026-06-12 11:59:00,R-08,SNACK-CHOC,1,3.5,paid
T-000459,2026-06-01 14:54:00,R-05,DRINK-COLA,1,2.5,paid
T-001100,2026-06-14 10:10:00,R-10,DRINK-COLA,1,2.5,paid
T-000223,2026-06-11 12:09:00,R-02,SNACK-CHIPS,2,600,paid
T-000284,2026-06-05 19:15:00,R-03,MERCH-PIN,1,6.0,paid
T-000933,2026-06-06 18:55:00,R-09,DRINK-COLA,1,2.5,paid
T-000367,2026-06-03 12:56:00,R-04,DRINK-WATER,1,1.5,paid
T-000238,2026-06-13 15:10:00,R-02,SNACK-CHOC,1,350,paid
T-000431,2026-06-11 12:14:00,R-04,SNACK-CHOC,2,7.0,paid
T-000229,2026-06-12 20:08:00,R-02,MERCH-PIN,1,600,paid
T-000549,2026-06-11 16:14:00,R-05,DRINK-WATER,1,1.5,paid
T-000242,2026-06-14 11:42:00,R-02,DRINK-COLA,1,250,paid
T-000411,2026-06-09 19:16:00,R-04,SNACK-CHIPS,1,3.0,failed
T-000553,2026-06-12 10:55:00,R-05,DRINK-WATER,2,3.0,paid
T-000615,2026-06-05 14:46:00,R-06,SNACK-CHOC,2,7.0,paid
T-001044,2026-06-07 10:49:00,R-10,DRINK-COLA,2,5.0,paid
T-000318,2026-06-10 15:43:00,R-03,SNACK-CHOC,1,3.5,paid
T-000647,2026-06-08 17:13:00,R-06,MERCH-PIN,1,6.0,paid
T-000679,2026-06-12 10:26:00,R-06,MERCH-PIN,1,6.0,paid
T-000370,2026-06-04 20:11:00,R-04,SNACK-CHOC,1,3.5,paid
T-000266,2026-06-03 11:35:00,R-03,DRINK-WATER,2,3.0,paid
T-000260,2026-06-02 10:25:00,R-03,SNACK-CHIPS,1,3.0,paid
T-000548,2026-06-10 11:02:00,R-05,DRINK-COLA,1,2.5,paid
T-000937,2026-06-07 15:26:00,R-09,DRINK-WATER,2,3.0,paid
T-000150,2026-06-02 13:49:00,R-02,DRINK-WATER,1,150,failed
T-000441,2026-06-12 21:37:00,R-04,MERCH-PIN,3,18.0,paid
T-000931,2026-06-06 17:29:00,R-09,MERCH-PIN,3,18.0,paid
T-000340,2026-06-13 19:40:00,R-03,MERCH-PIN,2,12.0,paid
T-000843,2026-06-08 14:01:00,R-08,SNACK-CHOC,1,3.5,paid
T-000409,2026-06-09 16:34:00,R-04,MERCH-PIN,1,6.0,paid
T-000631,2026-06-07 13:36:00,R-06,SNACK-CHIPS,2,6.0,failed
T-000063,2026-06-06 21:08:00,R-01,DRINK-WATER,1,1.5,paid
T-000410,2026-06-09 19:05:00,R-04,MERCH-PIN,1,6.0,failed
T-000334,2026-06-12 12:57:00,R-03,SNACK-CHOC,1,3.5,paid
T-000854,2026-06-09 21:14:00,R-08,SNACK-CHIPS,2,6.0,paid
T-000709,2026-06-01 10:12:00,R-07,DRINK-WATER,1,1.5,paid
T-000152,2026-06-02 15:52:00,R-02,DRINK-COLA,1,250,paid
T-000655,2026-06-10 20:59:00,R-06,DRINK-WATER,3,4.5,paid
T-000759,2026-06-08 19:28:00,R-07,SNACK-CHOC,1,3.5,paid
T-000974,2026-06-11 17:14:00,R-09,DRINK-WATER,1,1.5,failed
T-000741,2026-06-06 11:06:00,R-07,SNACK-CHIPS,2,6.0,paid
T-000719,2026-06-03 16:20:00,R-07,SNACK-CHOC,1,3.5,failed
T-000166,2026-06-05 13:24:00,R-02,SNACK-CHIPS,3,900,paid
T-000811,2026-06-06 20:16:00,R-08,SNACK-CHOC,1,3.5,paid
T-000656,2026-06-10 21:25:00,R-06,MERCH-PIN,1,6.0,paid
T-000497,2026-06-05 11:27:00,R-05,DRINK-COLA,1,2.5,paid
T-000501,2026-06-05 13:53:00,R-05,SNACK-CHOC,1,3.5,paid
T-001025,2026-06-04 19:32:00,R-10,MERCH-PIN,2,12.0,paid
T-000382,2026-06-05 20:57:00,R-04,SNACK-CHOC,1,3.5,paid
T-000623,2026-06-07 18:37:00,R-06,MERCH-PIN,1,6.0,failed
T-000893,2026-06-01 19:59:00,R-09,MERCH-PIN,1,6.0,refunded
T-000771,2026-06-01 20:28:00,R-08,DRINK-COLA,2,5.0,paid
T-000253,2026-06-01 17:22:00,R-03,SNACK-CHOC,2,7.0,paid
T-000714,2026-06-01 17:13:00,R-07,MERCH-PIN,3,18.0,paid
T-000907,2026-06-03 19:13:00,R-09,SNACK-CHOC,1,3.5,refunded
T-000062,2026-06-06 21:17:00,R-01,DRINK-WATER,1,1.5,paid
T-000662,2026-06-11 13:10:00,R-06,DRINK-WATER,2,3.0,paid
T-001064,2026-06-09 15:33:00,R-10,SNACK-CHOC,2,7.0,failed
T-000053,2026-06-06 20:40:00,R-01,SNACK-CHIPS,1,3.0,paid
T-000676,2026-06-12 15:01:00,R-06,SNACK-CHOC,2,7.0,paid
T-000749,2026-06-06 10:01:00,R-07,DRINK-WATER,1,1.5,paid
T-000399,2026-06-07 11:14:00,R-04,SNACK-CHOC,1,3.5,paid
T-000473,2026-06-03 20:52:00,R-05,DRINK-COLA,2,5.0,paid
T-000976,2026-06-12 11:40:00,R-09,SNACK-CHOC,1,3.5,paid
T-000904,2026-06-03 10:54:00,R-09,SNACK-CHIPS,1,3.0,paid
T-000619,2026-06-06 10:22:00,R-06,MERCH-PIN,1,6.0,paid
T-000056,2026-06-06 19:11:00,R-01,DRINK-COLA,1,2.5,paid
T-000298,2026-06-07 20:38:00,R-03,MERCH-PIN,1,6.0,paid
T-001036,2026-06-07 13:37:00,R-10,SNACK-CHIPS,3,9.0,paid
T-000406,2026-06-08 15:42:00,R-04,DRINK-WATER,1,1.5,paid
T-000938,2026-06-07 18:35:00,R-09,SNACK-CHIPS,1,3.0,paid
T-000205,2026-06-09 11:41:00,R-02,SNACK-CHOC,2,700,paid
T-000038,2026-06-04 10:09:00,R-01,SNACK-CHOC,2,7.0,paid
T-000707,2026-06-01 21:12:00,R-07,SNACK-CHOC,1,3.5,paid
T-000073,2026-06-07 15:58:00,R-01,MERCH-PIN,1,6.0,paid
T-000609,2026-06-04 16:55:00,R-06,DRINK-WATER,3,4.5,paid
T-000213,2026-06-09 17:26:00,R-02,MERCH-PIN,1,600,paid
T-000120,2026-06-13 20:31:00,R-01,DRINK-WATER,1,1.5,paid
T-001016,2026-06-03 11:10:00,R-10,MERCH-PIN,2,12.0,paid
T-001000,2026-06-14 13:49:00,R-09,SNACK-CHIPS,2,6.0,paid
T-000330,2026-06-11 20:40:00,R-03,DRINK-WATER,1,1.5,paid
T-000925,2026-06-06 20:21:00,R-09,MERCH-PIN,1,6.0,paid
T-000028,2026-06-03 11:07:00,R-01,SNACK-CHIPS,1,3.0,failed
T-000040,2026-06-04 17:38:00,R-01,DRINK-WATER,1,1.5,paid
T-000484,2026-06-04 11:27:00,R-05,MERCH-PIN,1,6.0,paid
T-001018,2026-06-03 13:34:00,R-10,DRINK-WATER,1,1.5,paid
T-000233,2026-06-13 14:57:00,R-02,MERCH-PIN,2,1200,paid
T-000085,2026-06-08 18:29:00,R-01,SNACK-CHIPS,1,3.0,failed
T-000211,2026-06-09 13:34:00,R-02,SNACK-CHIPS,1,300,paid
T-000080,2026-06-08 19:50:00,R-01,DRINK-WATER,2,3.0,paid
T-000671,2026-06-12 15:55:00,R-06,DRINK-COLA,1,2.5,paid
T-000905,2026-06-03 10:53:00,R-09,MERCH-PIN,2,12.0,paid
T-000031,2026-06-03 10:11:00,R-01,SNACK-CHOC,1,3.5,paid
T-000544,2026-06-10 11:59:00,R-05,DRINK-COLA,2,5.0,failed
T-000870,2026-06-13 20:05:00,R-08,SNACK-CHIPS,1,3.0,failed
T-000044,2026-06-05 20:14:00,R-01,SNACK-CHIPS,2,6.0,paid
T-000742,2026-06-06 19:53:00,R-07,SNACK-CHIPS,1,3.0,paid
T-001022,2026-06-04 20:49:00,R-10,SNACK-CHIPS,1,3.0,paid
T-000338,2026-06-13 19:15:00,R-03,MERCH-PIN,1,6.0,failed
T-000995,2026-06-14 12:58:00,R-09,SNACK-CHOC,2,7.0,paid
T-001066,2026-06-10 10:08:00,R-10,MERCH-PIN,2,12.0,paid
T-000946,2026-06-08 14:24:00,R-09,DRINK-WATER,1,1.5,paid
T-000592,2026-06-01 14:38:00,R-06,DRINK-WATER,1,1.5,refunded
T-000352,2026-06-01 18:13:00,R-04,SNACK-CHIPS,2,6.0,refunded
T-000813,2026-06-06 10:03:00,R-08,DRINK-WATER,1,1.5,paid
T-000341,2026-06-13 11:27:00,R-03,MERCH-PIN,1,6.0,failed
T-000198,2026-06-08 10:30:00,R-02,DRINK-WATER,1,150,paid
T-000682,2026-06-12 12:43:00,R-06,SNACK-CHIPS,1,3.0,paid
T-000971,2026-06-11 21:22:00,R-09,DRINK-WATER,1,1.5,paid
T-000717,2026-06-02 15:03:00,R-07,DRINK-WATER,2,3.0,paid
T-000164,2026-06-05 19:04:00,R-02,MERCH-PIN,1,600,paid
T-000697,2026-06-14 16:55:00,R-06,SNACK-CHOC,1,3.5,paid
T-000149,2026-06-02 15:03:00,R-02,DRINK-COLA,1,250,paid
T-000852,2026-06-09 15:44:00,R-08,DRINK-COLA,3,7.5,paid
T-000859,2026-06-10 12:44:00,R-08,SNACK-CHOC,1,3.5,failed
T-000996,2026-06-14 10:16:00,R-09,SNACK-CHOC,1,3.5,paid
T-000751,2026-06-06 12:16:00,R-07,DRINK-COLA,1,2.5,paid
T-000456,2026-06-14 10:59:00,R-04,SNACK-CHOC,1,3.5,paid
T-000170,2026-06-05 16:09:00,R-02,SNACK-CHOC,1,350,paid
T-000165,2026-06-05 19:28:00,R-02,SNACK-CHOC,1,350,paid
T-000373,2026-06-04 19:45:00,R-04,SNACK-CHOC,1,3.5,paid
T-000622,2026-06-06 12:41:00,R-06,SNACK-CHIPS,1,3.0,paid
T-000793,2026-06-04 14:12:00,R-08,DRINK-COLA,2,5.0,paid
T-000246,2026-06-14 11:31:00,R-02,DRINK-COLA,1,250,paid
T-000713,2026-06-01 12:07:00,R-07,MERCH-PIN,2,12.0,paid
T-000261,2026-06-02 19:02:00,R-03,DRINK-WATER,1,1.5,paid
T-000137,2026-06-01 19:15:00,R-02,DRINK-WATER,3,450,paid
T-000453,2026-06-14 13:08:00,R-04,SNACK-CHIPS,1,3.0,paid
T-000093,2026-06-09 12:09:00,R-01,DRINK-WATER,1,1.5,paid
T-000255,2026-06-01 16:14:00,R-03,DRINK-WATER,1,1.5,failed
T-000121,2026-06-13 15:53:00,R-01,MERCH-PIN,2,12.0,paid
T-000695,2026-06-14 12:19:00,R-06,MERCH-PIN,2,12.0,paid
T-000042,2026-06-04 21:29:00,R-01,DRINK-COLA,1,2.5,paid
T-000365,2026-06-03 15:37:00,R-04,SNACK-CHIPS,1,3.0,paid
T-000375,2026-06-04 18:22:00,R-04,SNACK-CHOC,1,3.5,paid
T-000036,2026-06-04 20:04:00,R-01,DRINK-COLA,2,5.0,paid
T-000273,2026-06-03 20:30:00,R-03,DRINK-COLA,2,5.0,paid
T-000068,2026-06-07 17:10:00,R-01,SNACK-CHIPS,1,3.0,paid
T-000546,2026-06-10 21:37:00,R-05,DRINK-COLA,1,2.5,paid
T-000735,2026-06-05 10:13:00,R-07,DRINK-COLA,1,2.5,paid
T-000485,2026-06-04 19:53:00,R-05,DRINK-COLA,1,2.5,paid
T-000403,2026-06-08 10:40:00,R-04,DRINK-COLA,1,2.5,paid
T-000311,2026-06-09 12:38:00,R-03,SNACK-CHIPS,2,6.0,paid
T-001107,2026-06-14 13:29:00,R-10,SNACK-CHOC,3,10.5,paid
T-000823,2026-06-07 13:21:00,R-08,DRINK-COLA,1,2.5,paid
T-001070,2026-06-10 21:42:00,R-10,SNACK-CHOC,1,3.5,paid
T-000458,2026-06-01 16:59:00,R-05,MERCH-PIN,3,18.0,paid
T-000982,2026-06-12 17:11:00,R-09,MERCH-PIN,1,6.0,paid
T-000788,2026-06-03 19:36:00,R-08,DRINK-WATER,2,3.0,paid
T-000840,2026-06-08 17:12:00,R-08,SNACK-CHOC,1,3.5,paid
T-000462,2026-06-02 16:36:00,R-05,MERCH-PIN,1,6.0,paid
T-000327,2026-06-11 20:24:00,R-03,DRINK-WATER,1,1.5,paid
T-000269,2026-06-03 11:33:00,R-03,SNACK-CHOC,1,3.5,paid
T-000570,2026-06-13 16:26:00,R-05,SNACK-CHOC,2,7.0,paid
T-000016,2026-06-02 19:26:00,R-01,MERCH-PIN,1,6.0,paid
T-000077,2026-06-07 17:25:00,R-01,DRINK-COLA,1,2.5,failed
T-000258,2026-06-02 14:35:00,R-03,DRINK-WATER,2,3.0,paid
T-000566,2026-06-13 21:50:00,R-05,SNACK-CHOC,1,3.5,paid
T-000243,2026-06-14 20:22:00,R-02,DRINK-COLA,1,250,paid
T-000669,2026-06-11 15:52:00,R-06,SNACK-CHOC,2,7.0,paid
T-000412,2026-06-09 19:17:00,R-04,MERCH-PIN,1,6.0,paid
T-001093,2026-06-13 18:05:00,R-10,SNACK-CHOC,1,3.5,paid
T-000871,2026-06-13 15:59:00,R-08,MERCH-PIN,1,6.0,paid
T-000975,2026-06-11 18:17:00,R-09,DRINK-COLA,2,5.0,paid
T-000718,2026-06-02 13:19:00,R-07,SNACK-CHOC,1,3.5,paid
T-000182,2026-06-07 11:38:00,R-02,DRINK-COLA,2,500,paid
T-000989,2026-06-13 16:42:00,R-09,DRINK-COLA,1,2.5,paid
T-000808,2026-06-06 15:46:00,R-08,DRINK-COLA,1,2.5,paid
T-000526,2026-06-08 16:31:00,R-05,SNACK-CHIPS,1,3.0,paid
T-000954,2026-06-10 17:48:00,R-09,SNACK-CHOC,1,3.5,paid
T-000765,2026-06-08 11:11:00,R-07,DRINK-COLA,1,2.5,paid
T-000447,2026-06-13 13:12:00,R-04,SNACK-CHIPS,1,3.0,paid
T-000543,2026-06-10 19:02:00,R-05,SNACK-CHIPS,1,3.0,paid
T-001021,2026-06-04 20:48:00,R-10,MERCH-PIN,1,6.0,paid
T-000106,2026-06-10 19:42:00,R-01,SNACK-CHOC,1,3.5,paid
T-000922,2026-06-06 12:32:00,R-09,SNACK-CHOC,1,3.5,paid
T-000945,2026-06-08 14:39:00,R-09,DRINK-COLA,1,2.5,paid
T-000417,2026-06-09 16:20:00,R-04,DRINK-COLA,2,5.0,paid
T-001004,2026-06-01 12:29:00,R-10,SNACK-CHIPS,2,6.0,paid
T-000766,2026-06-08 19:59:00,R-07,DRINK-COLA,1,2.5,refunded
T-000296,2026-06-07 12:06:00,R-03,SNACK-CHOC,1,3.5,paid
T-000868,2026-06-12 12:48:00,R-08,DRINK-COLA,1,2.5,paid
T-000952,2026-06-09 14:29:00,R-09,MERCH-PIN,2,12.0,paid
T-000194,2026-06-08 21:26:00,R-02,SNACK-CHIPS,1,300,paid
T-000660,2026-06-10 12:24:00,R-06,DRINK-WATER,1,1.5,paid
T-000590,2026-06-01 12:08:00,R-06,MERCH-PIN,1,6.0,paid
T-000108,2026-06-11 13:28:00,R-01,DRINK-WATER,3,4.5,paid
T-000768,2026-06-01 10:13:00,R-08,SNACK-CHOC,2,7.0,paid
T-000460,2026-06-01 20:11:00,R-05,SNACK-CHOC,2,7.0,refunded
T-001041,2026-06-07 13:58:00,R-10,SNACK-CHOC,1,3.5,paid
T-000482,2026-06-04 15:10:00,R-05,DRINK-WATER,1,1.5,paid
T-001014,2026-06-03 17:17:00,R-10,SNACK-CHOC,1,3.5,paid
T-000515,2026-06-07 19:57:00,R-05,DRINK-WATER,2,3.0,paid
T-000148,2026-06-02 11:51:00,R-02,SNACK-CHIPS,3,900,paid
T-000967,2026-06-11 13:19:00,R-09,MERCH-PIN,1,6.0,paid
T-000153,2026-06-03 14:53:00,R-02,MERCH-PIN,2,1200,paid
T-000775,2026-06-01 20:39:00,R-08,DRINK-WATER,1,1.5,paid
T-001042,2026-06-07 14:20:00,R-10,DRINK-COLA,2,5.0,paid
T-000687,2026-06-13 13:33:00,R-06,MERCH-PIN,1,6.0,paid
T-000949,2026-06-09 20:12:00,R-09,DRINK-COLA,2,5.0,paid
T-000487,2026-06-04 17:10:00,R-05,SNACK-CHIPS,1,3.0,paid
T-000739,2026-06-05 14:22:00,R-07,MERCH-PIN,1,6.0,paid
T-000894,2026-06-01 14:00:00,R-09,MERCH-PIN,2,12.0,paid
T-000457,2026-06-01 15:31:00,R-05,MERCH-PIN,2,12.0,failed
T-000283,2026-06-05 15:49:00,R-03,SNACK-CHOC,1,3.5,failed
T-000138,2026-06-01 18:13:00,R-02,DRINK-WATER,2,300,paid
T-000155,2026-06-03 10:47:00,R-02,SNACK-CHIPS,2,600,paid
T-000326,2026-06-11 21:25:00,R-03,SNACK-CHOC,2,7.0,paid
T-001026,2026-06-04 16:56:00,R-10,MERCH-PIN,3,18.0,paid
T-000489,2026-06-04 17:24:00,R-05,DRINK-COLA,1,2.5,paid
T-000613,2026-06-05 14:54:00,R-06,DRINK-WATER,1,1.5,failed
T-000985,2026-06-13 17:45:00,R-09,DRINK-WATER,3,4.5,paid
T-000437,2026-06-12 20:29:00,R-04,SNACK-CHIPS,1,3.0,failed
T-000248,2026-06-14 21:13:00,R-02,MERCH-PIN,1,600,paid
T-000684,2026-06-12 13:20:00,R-06,MERCH-PIN,2,12.0,paid
T-000366,2026-06-03 17:47:00,R-04,DRINK-COLA,2,5.0,paid
T-001057,2026-06-09 15:00:00,R-10,SNACK-CHOC,2,7.0,paid
T-000810,2026-06-06 19:09:00,R-08,SNACK-CHOC,1,3.5,paid
T-000468,2026-06-02 11:42:00,R-05,DRINK-WATER,1,1.5,paid
T-000569,2026-06-13 14:39:00,R-05,SNACK-CHOC,1,3.5,paid
T-000944,2026-06-08 12:24:00,R-09,SNACK-CHOC,3,10.5,paid
T-000331,2026-06-12 15:11:00,R-03,DRINK-COLA,1,2.5,paid
T-000332,2026-06-12 13:35:00,R-03,DRINK-COLA,1,2.5,paid
T-000677,2026-06-12 16:02:00,R-06,SNACK-CHOC,1,3.5,paid
T-000231,2026-06-13 15:20:00,R-02,SNACK-CHIPS,1,300,paid
T-001085,2026-06-11 14:47:00,R-10,DRINK-COLA,1,2.5,paid
T-000625,2026-06-07 20:17:00,R-06,DRINK-WATER,1,1.5,paid
T-001061,2026-06-09 20:29:00,R-10,SNACK-CHIPS,1,3.0,paid
T-000686,2026-06-13 10:57:00,R-06,MERCH-PIN,1,6.0,paid
T-000222,2026-06-11 18:59:00,R-02,SNACK-CHOC,2,700,paid
T-001067,2026-06-10 16:26:00,R-10,SNACK-CHOC,1,3.5,paid
T-000537,2026-06-09 19:44:00,R-05,SNACK-CHOC,1,3.5,paid
T-000690,2026-06-14 11:39:00,R-06,MERCH-PIN,1,6.0,paid
T-000738,2026-06-05 17:45:00,R-07,MERCH-PIN,1,6.0,paid
T-000009,2026-06-02 10:42:00,R-01,DRINK-WATER,1,1.5,paid
T-000643,2026-06-08 11:29:00,R-06,DRINK-COLA,1,2.5,failed
T-000550,2026-06-11 15:07:00,R-05,MERCH-PIN,1,6.0,paid
T-000313,2026-06-09 14:31:00,R-03,SNACK-CHIPS,3,9.0,paid
T-000451,2026-06-14 10:55:00,R-04,DRINK-COLA,1,2.5,paid
T-000994,2026-06-14 19:54:00,R-09,SNACK-CHIPS,1,3.0,paid
T-000507,2026-06-05 14:59:00,R-05,DRINK-WATER,1,1.5,paid
T-000670,2026-06-11 14:07:00,R-06,SNACK-CHIPS,2,6.0,paid
T-000325,2026-06-11 15:02:00,R-03,MERCH-PIN,1,6.0,paid
T-000774,2026-06-01 21:46:00,R-08,SNACK-CHIPS,2,6.0,refunded
T-000722,2026-06-03 12:21:00,R-07,DRINK-WATER,1,1.5,paid
T-001082,2026-06-11 10:48:00,R-10,MERCH-PIN,2,12.0,paid
T-000733,2026-06-04 15:47:00,R-07,MERCH-PIN,1,6.0,paid
T-000113,2026-06-12 20:25:00,R-01,SNACK-CHOC,1,3.5,paid
T-000912,2026-06-04 11:01:00,R-09,DRINK-WATER,1,1.5,failed
T-001053,2026-06-09 20:24:00,R-10,DRINK-COLA,2,5.0,paid
T-000805,2026-06-05 13:01:00,R-08,MERCH-PIN,1,6.0,paid
T-000064,2026-06-06 14:04:00,R-01,DRINK-COLA,1,2.5,failed
T-000746,2026-06-06 21:49:00,R-07,DRINK-WATER,3,4.5,paid
T-000112,2026-06-11 15:48:00,R-01,SNACK-CHOC,2,7.0,paid
T-001007,2026-06-02 21:12:00,R-10,SNACK-CHOC,1,3.5,paid
T-000277,2026-06-04 17:44:00,R-03,DRINK-WATER,1,1.5,paid
T-000803,2026-06-05 17:45:00,R-08,SNACK-CHOC,2,7.0,paid
T-000083,2026-06-08 10:31:00,R-01,DRINK-COLA,2,5.0,paid
T-000075,2026-06-07 14:04:00,R-01,DRINK-COLA,2,5.0,paid
T-000921,2026-06-05 10:13:00,R-09,SNACK-CHIPS,1,3.0,paid
T-000105,2026-06-10 14:12:00,R-01,SNACK-CHOC,1,3.5,paid
T-000130,2026-06-14 10:17:00,R-01,SNACK-CHOC,2,7.0,paid
T-000006,2026-06-01 14:11:00,R-01,DRINK-COLA,1,2.5,paid
T-000953,2026-06-10 12:14:00,R-09,MERCH-PIN,2,12.0,paid
T-000322,2026-06-10 15:37:00,R-03,DRINK-COLA,1,2.5,paid
T-000706,2026-06-01 12:30:00,R-07,DRINK-COLA,2,5.0,paid
T-000259,2026-06-02 14:05:00,R-03,DRINK-WATER,1,1.5,paid
T-001027,2026-06-06 15:09:00,R-10,SNACK-CHIPS,2,6.0,paid
T-000942,2026-06-08 20:14:00,R-09,SNACK-CHIPS,1,3.0,paid
T-000265,2026-06-02 21:40:00,R-03,DRINK-COLA,3,7.5,paid
T-000752,2026-06-07 21:28:00,R-07,SNACK-CHOC,1,3.5,paid
T-000640,2026-06-08 12:57:00,R-06,SNACK-CHIPS,2,6.0,paid
T-000494,2026-06-04 16:17:00,R-05,DRINK-WATER,1,1.5,paid
T-000786,2026-06-03 17:32:00,R-08,SNACK-CHIPS,2,6.0,paid
T-000355,2026-06-02 18:11:00,R-04,MERCH-PIN,1,6.0,failed
T-000535,2026-06-09 11:02:00,R-05,DRINK-COLA,3,7.5,paid
T-000624,2026-06-07 14:21:00,R-06,SNACK-CHIPS,2,6.0,paid
T-000520,2026-06-07 19:41:00,R-05,SNACK-CHOC,1,3.5,paid
T-000179,2026-06-06 17:06:00,R-02,DRINK-COLA,1,250,paid
T-000041,2026-06-04 10:18:00,R-01,SNACK-CHIPS,1,3.0,paid
T-000634,2026-06-07 19:21:00,R-06,DRINK-WATER,2,3.0,paid
T-000579,2026-06-14 12:29:00,R-05,MERCH-PIN,2,12.0,paid
T-000529,2026-06-08 11:29:00,R-05,DRINK-COLA,2,5.0,failed
T-000071,2026-06-07 16:46:00,R-01,SNACK-CHIPS,1,3.0,failed
T-000880,2026-06-13 16:38:00,R-08,SNACK-CHIPS,2,6.0,paid
T-000698,2026-06-14 17:31:00,R-06,DRINK-WATER,1,1.5,paid
T-000094,2026-06-09 14:18:00,R-01,MERCH-PIN,2,12.0,paid
T-000415,2026-06-09 12:43:00,R-04,DRINK-COLA,1,2.5,paid
T-000096,2026-06-10 16:35:00,R-01,SNACK-CHIPS,1,3.0,paid
T-000773,2026-06-01 17:50:00,R-08,SNACK-CHOC,1,3.5,failed
T-000776,2026-06-01 17:08:00,R-08,SNACK-CHOC,2,7.0,paid
T-000385,2026-06-05 19:41:00,R-04,DRINK-COLA,2,5.0,paid
T-000997,2026-06-14 12:10:00,R-09,SNACK-CHOC,2,7.0,paid
T-000051,2026-06-05 20:51:00,R-01,DRINK-COLA,2,5.0,paid
T-000099,2026-06-10 19:15:00,R-01,DRINK-WATER,1,1.5,paid
T-001035,2026-06-07 10:10:00,R-10,DRINK-WATER,2,3.0,paid
T-000384,2026-06-05 16:15:00,R-04,DRINK-WATER,2,3.0,paid
T-000896,2026-06-02 17:41:00,R-09,DRINK-COLA,2,5.0,paid
T-000173,2026-06-05 12:41:00,R-02,DRINK-COLA,2,500,paid
T-001108,2026-06-14 12:49:00,R-10,SNACK-CHIPS,1,3.0,paid
T-000446,2026-06-13 21:41:00,R-04,SNACK-CHIPS,1,3.0,paid
T-000988,2026-06-13 14:21:00,R-09,DRINK-COLA,1,2.5,paid
T-000010,2026-06-02 19:29:00,R-01,SNACK-CHOC,1,3.5,paid
T-000254,2026-06-01 16:59:00,R-03,MERCH-PIN,1,6.0,paid
T-000020,2026-06-02 17:52:00,R-01,DRINK-COLA,2,5.0,paid
T-001083,2026-06-11 10:43:00,R-10,SNACK-CHIPS,1,3.0,paid
T-000610,2026-06-04 17:26:00,R-06,DRINK-WATER,2,3.0,paid
T-000983,2026-06-13 10:34:00,R-09,SNACK-CHIPS,1,3.0,paid
T-000058,2026-06-06 10:23:00,R-01,SNACK-CHIPS,1,3.0,paid
T-001015,2026-06-03 19:28:00,R-10,SNACK-CHOC,1,3.5,paid
T-001013,2026-06-03 18:36:00,R-10,DRINK-WATER,1,1.5,paid
T-000049,2026-06-05 14:07:00,R-01,DRINK-WATER,2,3.0,paid
T-000235,2026-06-13 10:37:00,R-02,SNACK-CHOC,1,350,paid
T-001094,2026-06-13 12:23:00,R-10,DRINK-WATER,3,4.5,paid
T-000918,2026-06-04 11:50:00,R-09,DRINK-WATER,3,4.5,paid
T-000848,2026-06-09 21:44:00,R-08,SNACK-CHIPS,1,3.0,paid
T-000784,2026-06-02 15:59:00,R-08,MERCH-PIN,2,12.0,paid
T-001038,2026-06-07 13:09:00,R-10,MERCH-PIN,1,6.0,paid
T-000349,2026-06-14 20:48:00,R-03,SNACK-CHIPS,1,3.0,paid
T-000379,2026-06-04 18:05:00,R-04,DRINK-COLA,1,2.5,paid
T-000826,2026-06-07 18:01:00,R-08,SNACK-CHOC,3,10.5,paid
T-000197,2026-06-08 10:20:00,R-02,SNACK-CHIPS,1,300,paid
T-000860,2026-06-10 21:43:00,R-08,DRINK-COLA,2,5.0,paid
T-000556,2026-06-12 21:05:00,R-05,MERCH-PIN,1,6.0,paid
T-000979,2026-06-12 19:22:00,R-09,DRINK-COLA,1,2.5,paid
T-000724,2026-06-03 10:27:00,R-07,SNACK-CHIPS,2,6.0,paid
T-000726,2026-06-03 16:23:00,R-07,SNACK-CHOC,2,7.0,failed
T-000490,2026-06-04 19:00:00,R-05,SNACK-CHIPS,2,6.0,refunded
T-000573,2026-06-13 19:38:00,R-05,DRINK-COLA,2,5.0,paid
T-000356,2026-06-02 15:17:00,R-04,MERCH-PIN,1,6.0,paid
T-000515,2026-06-07 19:57:00,R-05,DRINK-WATER,2,3.0,paid
T-000021,2026-06-03 15:59:00,R-01,MERCH-PIN,2,12.0,paid
T-000659,2026-06-10 20:45:00,R-06,MERCH-PIN,1,6.0,refunded
T-000820,2026-06-06 18:37:00,R-08,MERCH-PIN,1,6.0,paid
T-000027,2026-06-03 19:33:00,R-01,MERCH-PIN,1,6.0,paid
T-000516,2026-06-07 14:26:00,R-05,SNACK-CHOC,1,3.5,paid
T-000503,2026-06-05 18:15:00,R-05,SNACK-CHIPS,1,3.0,paid
T-000129,2026-06-14 10:39:00,R-01,DRINK-WATER,2,3.0,paid
T-000443,2026-06-13 12:35:00,R-04,DRINK-COLA,1,2.5,failed
T-001104,2026-06-14 13:07:00,R-10,SNACK-CHOC,1,3.5,paid
T-000111,2026-06-11 11:05:00,R-01,MERCH-PIN,1,6.0,failed
T-001054,2026-06-09 15:27:00,R-10,SNACK-CHIPS,1,3.0,paid
T-000467,2026-06-02 14:01:00,R-05,DRINK-WATER,1,1.5,paid
T-000186,2026-06-07 14:06:00,R-02,SNACK-CHOC,2,700,paid
T-000668,2026-06-11 13:01:00,R-06,DRINK-COLA,1,2.5,paid
T-000673,2026-06-12 13:45:00,R-06,SNACK-CHOC,1,3.5,paid
T-000730,2026-06-03 11:02:00,R-07,MERCH-PIN,1,6.0,paid
T-000069,2026-06-07 12:07:00,R-01,MERCH-PIN,1,6.0,paid
T-001032,2026-06-07 12:47:00,R-10,SNACK-CHIPS,1,3.0,refunded
T-000125,2026-06-13 11:22:00,R-01,MERCH-PIN,1,6.0,paid
T-000193,2026-06-08 19:12:00,R-02,DRINK-COLA,3,750,paid
T-000504,2026-06-05 15:32:00,R-05,DRINK-WATER,1,1.5,paid
T-000217,2026-06-10 18:48:00,R-02,MERCH-PIN,1,600,paid
T-000479,2026-06-03 13:48:00,R-05,DRINK-COLA,1,2.5,paid
T-000358,2026-06-02 14:07:00,R-04,SNACK-CHIPS,3,9.0,paid
T-000430,2026-06-11 14:48:00,R-04,DRINK-COLA,1,2.5,paid
T-000225,2026-06-12 18:31:00,R-02,DRINK-COLA,1,250,paid
T-000033,2026-06-03 21:18:00,R-01,SNACK-CHOC,2,7.0,paid
T-001072,2026-06-10 19:59:00,R-10,SNACK-CHOC,2,7.0,paid
T-000320,2026-06-10 10:25:00,R-03,SNACK-CHOC,1,3.5,paid
T-000035,2026-06-04 10:33:00,R-01,DRINK-COLA,1,2.5,paid
T-000582,2026-06-14 15:16:00,R-05,MERCH-PIN,1,6.0,paid
T-000532,2026-06-09 17:30:00,R-05,DRINK-WATER,1,1.5,refunded
T-001047,2026-06-08 15:22:00,R-10,SNACK-CHIPS,1,3.0,paid
T-000601,2026-06-03 16:12:00,R-06,MERCH-PIN,1,6.0,paid
T-001077,2026-06-11 18:24:00,R-10,MERCH-PIN,1,6.0,paid
T-000901,2026-06-03 10:54:00,R-09,DRINK-COLA,1,2.5,failed
T-000869,2026-06-12 10:01:00,R-08,SNACK-CHOC,1,3.5,paid
T-000672,2026-06-12 13:12:00,R-06,DRINK-WATER,2,3.0,paid
T-000300,2026-06-07 10:14:00,R-03,SNACK-CHOC,1,3.5,paid
T-000140,2026-06-01 15:39:00,R-02,MERCH-PIN,1,600,failed
T-000991,2026-06-13 18:30:00,R-09,DRINK-WATER,1,1.5,paid
T-000941,2026-06-08 19:56:00,R-09,SNACK-CHIPS,1,3.0,paid
T-000209,2026-06-09 11:28:00,R-02,SNACK-CHIPS,1,300,paid
T-000910,2026-06-04 13:20:00,R-09,DRINK-WATER,1,1.5,paid
T-000299,2026-06-07 13:11:00,R-03,DRINK-COLA,2,5.0,paid
T-000363,2026-06-03 15:52:00,R-04,DRINK-COLA,1,2.5,paid
T-000483,2026-06-04 16:21:00,R-05,SNACK-CHIPS,1,3.0,paid
T-000806,2026-06-05 12:22:00,R-08,SNACK-CHOC,1,3.5,paid
T-000207,2026-06-09 16:44:00,R-02,SNACK-CHIPS,1,300,paid
T-000333,2026-06-12 21:18:00,R-03,SNACK-CHIPS,2,6.0,paid
T-001059,2026-06-09 20:33:00,R-10,DRINK-COLA,3,7.5,refunded
T-000815,2026-06-06 20:37:00,R-08,DRINK-WATER,1,1.5,paid
T-000595,2026-06-01 19:04:00,R-06,SNACK-CHIPS,2,6.0,paid
T-000865,2026-06-11 18:44:00,R-08,DRINK-COLA,2,5.0,paid
T-000114,2026-06-12 11:52:00,R-01,SNACK-CHOC,1,3.5,paid
T-000568,2026-06-13 17:58:00,R-05,DRINK-WATER,1,1.5,paid
T-000917,2026-06-04 17:28:00,R-09,DRINK-WATER,3,4.5,failed
T-000088,2026-06-08 10:05:00,R-01,SNACK-CHOC,2,7.0,refunded
T-000237,2026-06-13 17:16:00,R-02,DRINK-COLA,1,250,failed
T-000388,2026-06-06 20:52:00,R-04,DRINK-WATER,2,3.0,paid
T-000589,2026-06-01 21:15:00,R-06,DRINK-WATER,1,1.5,paid
T-000448,2026-06-13 11:49:00,R-04,MERCH-PIN,1,6.0,paid
T-000847,2026-06-09 12:35:00,R-08,SNACK-CHIPS,2,6.0,paid
T-000962,2026-06-10 19:36:00,R-09,DRINK-COLA,1,2.5,paid
T-000538,2026-06-09 12:23:00,R-05,SNACK-CHOC,1,3.5,paid
T-000168,2026-06-05 13:28:00,R-02,DRINK-COLA,2,500,paid
T-000029,2026-06-03 12:15:00,R-01,MERCH-PIN,1,6.0,paid
T-000637,2026-06-08 21:53:00,R-06,SNACK-CHOC,2,7.0,paid
T-000131,2026-06-14 18:02:00,R-01,DRINK-WATER,2,3.0,paid
T-000577,2026-06-14 15:29:00,R-05,SNACK-CHOC,2,7.0,paid
T-000849,2026-06-09 10:01:00,R-08,MERCH-PIN,1,6.0,paid
T-000960,2026-06-10 19:30:00,R-09,DRINK-WATER,1,1.5,paid
T-000884,2026-06-14 10:43:00,R-08,SNACK-CHOC,1,3.5,paid
T-000310,2026-06-09 16:59:00,R-03,SNACK-CHIPS,1,3.0,paid
T-000818,2026-06-06 13:46:00,R-08,DRINK-WATER,1,1.5,paid
T-000294,2026-06-06 17:17:00,R-03,DRINK-COLA,1,2.5,paid
T-000478,2026-06-03 19:42:00,R-05,MERCH-PIN,3,18.0,paid
T-000274,2026-06-03 20:50:00,R-03,SNACK-CHIPS,1,3.0,failed
T-000472,2026-06-03 20:15:00,R-05,MERCH-PIN,1,6.0,paid
T-000263,2026-06-02 17:43:00,R-03,SNACK-CHOC,2,7.0,paid
T-000509,2026-06-06 17:20:00,R-05,SNACK-CHOC,1,3.5,paid
T-000427,2026-06-10 17:47:00,R-04,DRINK-COLA,3,7.5,paid
T-000883,2026-06-14 18:41:00,R-08,DRINK-COLA,1,2.5,paid
T-000712,2026-06-01 14:27:00,R-07,SNACK-CHIPS,1,3.0,paid
T-000876,2026-06-13 15:41:00,R-08,DRINK-COLA,2,5.0,paid
T-000272,2026-06-03 18:35:00,R-03,DRINK-WATER,2,3.0,refunded
T-000725,2026-06-03 12:39:00,R-07,MERCH-PIN,3,18.0,paid
T-000251,2026-06-01 21:22:00,R-03,SNACK-CHIPS,1,3.0,paid
T-001001,2026-06-14 20:42:00,R-09,SNACK-CHIPS,2,6.0,paid
T-000307,2026-06-09 12:31:00,R-03,SNACK-CHIPS,1,3.0,paid
T-000864,2026-06-11 19:30:00,R-08,SNACK-CHOC,2,7.0,paid
T-000329,2026-06-11 16:09:00,R-03,SNACK-CHOC,1,3.5,paid
T-000461,2026-06-01 14:41:00,R-05,MERCH-PIN,1,6.0,refunded
T-000802,2026-06-05 17:34:00,R-08,SNACK-CHIPS,2,6.0,paid
T-001062,2026-06-09 20:05:00,R-10,MERCH-PIN,2,12.0,paid
T-000276,2026-06-04 11:38:00,R-03,DRINK-WATER,1,1.5,failed
T-000354,2026-06-02 12:01:00,R-04,MERCH-PIN,2,12.0,paid
T-000908,2026-06-03 19:06:00,R-09,MERCH-PIN,1,6.0,paid
T-000160,2026-06-04 15:59:00,R-02,SNACK-CHIPS,2,600,paid
T-000963,2026-06-10 13:47:00,R-09,SNACK-CHIPS,1,3.0,paid
T-000438,2026-06-12 12:26:00,R-04,DRINK-WATER,1,1.5,paid
T-000138,2026-06-01 18:13:00,R-02,DRINK-WATER,2,300,paid
T-000376,2026-06-04 19:55:00,R-04,MERCH-PIN,2,12.0,paid
T-000621,2026-06-06 12:50:00,R-06,MERCH-PIN,3,18.0,paid
T-001034,2026-06-07 18:02:00,R-10,DRINK-COLA,1,2.5,paid
T-000371,2026-06-04 12:45:00,R-04,DRINK-WATER,1,1.5,paid
T-000351,2026-06-01 10:01:00,R-04,SNACK-CHIPS,1,3.0,paid
T-000474,2026-06-03 15:32:00,R-05,DRINK-COLA,2,5.0,paid
T-000958,2026-06-10 15:44:00,R-09,SNACK-CHOC,1,3.5,paid
T-000360,2026-06-02 17:00:00,R-04,SNACK-CHOC,2,7.0,paid
T-000199,2026-06-08 17:44:00,R-02,SNACK-CHIPS,1,300,paid
T-000003,2026-06-01 16:08:00,R-01,SNACK-CHIPS,1,3.0,paid
T-000691,2026-06-14 11:26:00,R-06,SNACK-CHIPS,1,3.0,paid
T-001011,2026-06-02 13:23:00,R-10,SNACK-CHOC,1,3.5,paid
T-000990,2026-06-13 11:43:00,R-09,MERCH-PIN,1,6.0,paid
T-000574,2026-06-13 14:50:00,R-05,SNACK-CHOC,1,3.5,paid
T-000791,2026-06-03 12:41:00,R-08,SNACK-CHOC,1,3.5,paid
T-000398,2026-06-07 17:14:00,R-04,DRINK-WATER,1,1.5,paid
T-000899,2026-06-02 21:03:00,R-09,SNACK-CHIPS,1,3.0,paid
T-001058,2026-06-09 19:25:00,R-10,MERCH-PIN,1,6.0,paid
T-000110,2026-06-11 10:18:00,R-01,MERCH-PIN,2,12.0,failed
T-000023,2026-06-03 14:14:00,R-01,DRINK-WATER,1,1.5,failed
T-000628,2026-06-07 13:36:00,R-06,DRINK-COLA,2,5.0,paid
T-000102,2026-06-10 10:19:00,R-01,SNACK-CHOC,2,7.0,paid
T-000866,2026-06-11 15:15:00,R-08,MERCH-PIN,1,6.0,paid
T-000342,2026-06-13 20:41:00,R-03,MERCH-PIN,2,12.0,paid
T-000046,2026-06-05 15:44:00,R-01,DRINK-WATER,1,1.5,paid
T-000769,2026-06-01 13:51:00,R-08,SNACK-CHOC,2,7.0,paid
T-000521,2026-06-08 17:22:00,R-05,SNACK-CHOC,1,3.5,paid
T-000054,2026-06-06 10:04:00,R-01,SNACK-CHOC,1,3.5,paid
T-000133,2026-06-14 17:18:00,R-01,SNACK-CHOC,2,7.0,paid
T-000800,2026-06-05 16:32:00,R-08,SNACK-CHOC,1,3.5,paid
T-000004,2026-06-01 12:17:00,R-01,DRINK-COLA,1,2.5,paid
T-000562,2026-06-12 15:18:00,R-05,MERCH-PIN,1,6.0,failed
T-000142,2026-06-02 10:38:00,R-02,MERCH-PIN,1,600,paid
T-000736,2026-06-05 16:18:00,R-07,SNACK-CHOC,2,7.0,paid
T-000116,2026-06-12 19:04:00,R-01,SNACK-CHOC,1,3.5,failed
T-000762,2026-06-08 11:22:00,R-07,DRINK-WATER,3,4.5,failed
T-000374,2026-06-04 17:13:00,R-04,SNACK-CHIPS,1,3.0,failed
T-000879,2026-06-13 10:30:00,R-08,DRINK-COLA,1,2.5,paid
T-000270,2026-06-03 18:07:00,R-03,DRINK-COLA,1,2.5,paid
T-000215,2026-06-10 19:22:00,R-02,SNACK-CHOC,1,350,paid
T-000232,2026-06-13 21:53:00,R-02,MERCH-PIN,1,600,paid
T-000696,2026-06-14 20:33:00,R-06,MERCH-PIN,1,6.0,paid
T-000795,2026-06-04 16:50:00,R-08,SNACK-CHIPS,1,3.0,failed
T-000477,2026-06-03 17:08:00,R-05,SNACK-CHIPS,2,6.0,paid
T-000723,2026-06-03 21:59:00,R-07,DRINK-WATER,1,1.5,paid
T-000466,2026-06-02 11:56:00,R-05,MERCH-PIN,1,6.0,paid
T-000017,2026-06-02 11:58:00,R-01,DRINK-COLA,1,2.5,paid
T-000308,2026-06-09 13:13:00,R-03,SNACK-CHIPS,1,3.0,failed
T-000227,2026-06-12 15:22:00,R-02,DRINK-WATER,1,150,failed
T-001109,2026-06-03 13:00:00,R-99,DRINK-COLA,1,2.5,paid
T-000336,2026-06-13 20:05:00,R-03,SNACK-CHIPS,2,6.0,paid
T-001037,2026-06-07 11:55:00,R-10,SNACK-CHOC,1,3.5,paid
T-001069,2026-06-10 11:05:00,R-10,SNACK-CHOC,1,3.5,paid
T-000821,2026-06-06 17:13:00,R-08,MERCH-PIN,2,12.0,paid
T-000391,2026-06-06 14:09:00,R-04,SNACK-CHIPS,3,9.0,paid
T-000745,2026-06-06 15:06:00,R-07,DRINK-COLA,1,2.5,paid
T-000303,2026-06-08 16:13:00,R-03,SNACK-CHOC,1,3.5,paid
T-000281,2026-06-05 19:04:00,R-03,SNACK-CHIPS,1,3.0,paid
T-001102,2026-06-14 15:55:00,R-10,DRINK-COLA,2,5.0,paid
T-000629,2026-06-07 19:34:00,R-06,SNACK-CHOC,1,3.5,paid
T-000309,2026-06-09 15:35:00,R-03,DRINK-WATER,1,1.5,failed
T-000095,2026-06-09 13:40:00,R-01,DRINK-WATER,1,1.5,paid
T-001078,2026-06-11 15:55:00,R-10,MERCH-PIN,1,6.0,paid
T-000177,2026-06-06 19:59:00,R-02,SNACK-CHIPS,1,300,paid
T-001073,2026-06-10 14:47:00,R-10,DRINK-WATER,1,1.5,paid
T-000740,2026-06-06 21:56:00,R-07,SNACK-CHIPS,1,3.0,paid
T-000846,2026-06-09 20:44:00,R-08,MERCH-PIN,1,6.0,paid
T-000578,2026-06-14 21:52:00,R-05,SNACK-CHOC,1,3.5,paid
T-000221,2026-06-11 19:29:00,R-02,SNACK-CHOC,1,350,paid
T-000784,2026-06-02 15:59:00,R-08,MERCH-PIN,2,12.0,paid
T-000169,2026-06-05 20:16:00,R-02,DRINK-WATER,1,150,paid
T-000987,2026-06-13 10:50:00,R-09,SNACK-CHIPS,2,6.0,paid
T-000190,2026-06-07 14:22:00,R-02,SNACK-CHOC,1,350,paid
T-000032,2026-06-03 12:46:00,R-01,SNACK-CHIPS,1,3.0,paid
T-000699,2026-06-14 19:49:00,R-06,SNACK-CHOC,2,7.0,paid
T-000661,2026-06-10 21:44:00,R-06,DRINK-COLA,2,5.0,paid
T-000486,2026-06-04 15:47:00,R-05,SNACK-CHIPS,1,3.0,failed
T-000761,2026-06-08 16:48:00,R-07,DRINK-COLA,3,7.5,paid
T-000013,2026-06-02 11:04:00,R-01,DRINK-WATER,1,1.5,paid
T-000091,2026-06-09 13:02:00,R-01,SNACK-CHIPS,1,3.0,failed
T-000357,2026-06-02 17:11:00,R-04,SNACK-CHIPS,1,3.0,paid
T-000593,2026-06-01 13:53:00,R-06,MERCH-PIN,1,6.0,paid
T-000455,2026-06-14 14:30:00,R-04,MERCH-PIN,1,6.0,paid
T-000511,2026-06-07 18:55:00,R-05,SNACK-CHOC,2,7.0,paid
T-000892,2026-06-01 18:22:00,R-09,MERCH-PIN,1,6.0,paid
T-001030,2026-06-06 20:18:00,R-10,SNACK-CHOC,1,3.5,paid
T-000545,2026-06-10 11:46:00,R-05,SNACK-CHOC,1,3.5,paid
T-000204,2026-06-09 18:27:00,R-02,DRINK-WATER,1,150,paid
T-000650,2026-06-09 16:42:00,R-06,MERCH-PIN,1,6.0,paid
T-000966,2026-06-10 14:06:00,R-09,SNACK-CHIPS,3,9.0,paid
T-000852,2026-06-09 15:44:00,R-08,DRINK-COLA,3,7.5,paid
T-000525,2026-06-08 21:36:00,R-05,SNACK-CHIPS,1,3.0,paid
T-001103,2026-06-14 19:04:00,R-10,DRINK-COLA,1,2.5,paid
T-000785,2026-06-02 18:27:00,R-08,DRINK-WATER,2,3.0,failed
T-000542,2026-06-09 12:08:00,R-05,DRINK-COLA,1,2.5,paid
T-000475,2026-06-03 10:59:00,R-05,DRINK-WATER,1,1.5,paid
T-000185,2026-06-07 20:40:00,R-02,MERCH-PIN,3,1800,paid
T-000587,2026-06-14 19:18:00,R-05,SNACK-CHIPS,2,6.0,paid
T-000098,2026-06-10 21:23:00,R-01,SNACK-CHIPS,1,3.0,paid
T-000948,2026-06-08 15:48:00,R-09,DRINK-WATER,1,1.5,paid
T-000147,2026-06-02 21:45:00,R-02,SNACK-CHOC,1,350,failed
T-000844,2026-06-08 17:11:00,R-08,SNACK-CHIPS,1,3.0,paid
T-000492,2026-06-04 21:02:00,R-05,SNACK-CHIPS,1,3.0,paid
T-001009,2026-06-02 12:27:00,R-10,DRINK-COLA,1,2.5,paid
T-000508,2026-06-06 21:49:00,R-05,SNACK-CHIPS,1,3.0,paid
T-000409,2026-06-09 16:34:00,R-04,MERCH-PIN,1,6.0,paid
T-000599,2026-06-02 12:35:00,R-06,DRINK-COLA,1,2.5,paid
T-000234,2026-06-13 11:22:00,R-02,SNACK-CHIPS,1,300,paid
T-000440,2026-06-12 18:33:00,R-04,SNACK-CHIPS,2,6.0,paid
T-000345,2026-06-13 11:31:00,R-03,SNACK-CHIPS,2,6.0,paid
T-000648,2026-06-08 20:49:00,R-06,DRINK-WATER,2,3.0,paid
T-000484,2026-06-04 11:27:00,R-05,MERCH-PIN,1,6.0,paid
T-000117,2026-06-12 12:08:00,R-01,MERCH-PIN,1,6.0,paid
T-000551,2026-06-11 19:59:00,R-05,SNACK-CHIPS,1,3.0,paid
T-000050,2026-06-05 20:22:00,R-01,SNACK-CHIPS,1,3.0,paid
T-000812,2026-06-06 18:09:00,R-08,MERCH-PIN,1,6.0,refunded
T-000688,2026-06-14 19:40:00,R-06,DRINK-WATER,1,1.5,paid
T-000863,2026-06-11 17:53:00,R-08,SNACK-CHOC,2,7.0,refunded
T-000523,2026-06-08 13:43:00,R-05,DRINK-COLA,1,2.5,paid
T-000167,2026-06-05 19:50:00,R-02,SNACK-CHIPS,2,600,paid
T-000758,2026-06-08 16:34:00,R-07,SNACK-CHOC,1,3.5,paid
T-001020,2026-06-03 10:05:00,R-10,DRINK-WATER,1,1.5,paid
T-000700,2026-06-14 11:15:00,R-06,SNACK-CHIPS,1,3.0,refunded
T-000827,2026-06-07 19:25:00,R-08,DRINK-COLA,2,5.0,failed
T-000380,2026-06-04 17:39:00,R-04,SNACK-CHIPS,2,6.0,failed
T-000862,2026-06-11 17:49:00,R-08,SNACK-CHIPS,2,6.0,paid
T-000135,2026-06-14 16:46:00,R-01,MERCH-PIN,1,6.0,paid
T-000817,2026-06-06 20:14:00,R-08,MERCH-PIN,2,12.0,paid
T-000394,2026-06-06 18:51:00,R-04,DRINK-WATER,2,3.0,paid
T-000856,2026-06-10 16:53:00,R-08,SNACK-CHIPS,1,3.0,paid
T-000930,2026-06-06 15:29:00,R-09,MERCH-PIN,1,6.0,paid
T-000694,2026-06-14 17:43:00,R-06,SNACK-CHIPS,2,6.0,paid
T-000604,2026-06-03 19:35:00,R-06,DRINK-COLA,1,2.5,paid
T-001049,2026-06-08 13:05:00,R-10,DRINK-COLA,2,5.0,paid
T-000665,2026-06-11 10:53:00,R-06,SNACK-CHOC,2,7.0,paid
T-001086,2026-06-11 10:35:00,R-10,SNACK-CHIPS,1,3.0,paid
T-000889,2026-06-01 12:04:00,R-09,MERCH-PIN,1,6.0,paid
T-000101,2026-06-10 16:04:00,R-01,SNACK-CHOC,1,3.5,paid
T-000940,2026-06-08 13:31:00,R-09,SNACK-CHOC,1,3.5,paid
T-000350,2026-06-01 19:41:00,R-04,SNACK-CHOC,2,7.0,refunded
T-000534,2026-06-09 19:10:00,R-05,SNACK-CHOC,1,3.5,failed
T-000756,2026-06-08 20:43:00,R-07,MERCH-PIN,1,6.0,paid
T-000104,2026-06-10 15:16:00,R-01,SNACK-CHIPS,1,3.0,paid
T-000183,2026-06-07 13:48:00,R-02,SNACK-CHIPS,1,300,paid
T-000612,2026-06-05 19:32:00,R-06,SNACK-CHOC,3,10.5,paid
T-000103,2026-06-10 12:39:00,R-01,SNACK-CHOC,1,3.5,paid
T-001110,2026-06-03 13:00:00,R-99,DRINK-COLA,1,2.5,paid
T-000690,2026-06-14 11:39:00,R-06,MERCH-PIN,1,6.0,paid
T-000929,2026-06-06 14:14:00,R-09,MERCH-PIN,3,18.0,paid
T-000801,2026-06-05 17:23:00,R-08,SNACK-CHIPS,3,9.0,paid
T-000986,2026-06-13 10:52:00,R-09,MERCH-PIN,1,6.0,paid
T-000282,2026-06-05 19:41:00,R-03,DRINK-COLA,1,2.5,paid
T-000513,2026-06-07 11:21:00,R-05,MERCH-PIN,1,6.0,paid
T-001068,2026-06-10 18:23:00,R-10,MERCH-PIN,2,12.0,paid
T-000445,2026-06-13 16:16:00,R-04,DRINK-WATER,1,1.5,failed
T-000285,2026-06-05 20:50:00,R-03,DRINK-COLA,1,2.5,paid
T-000804,2026-06-05 19:09:00,R-08,SNACK-CHIPS,2,6.0,paid
T-000422,2026-06-10 10:16:00,R-04,DRINK-WATER,3,4.5,paid
T-000122,2026-06-13 13:27:00,R-01,SNACK-CHOC,1,3.5,paid
T-001008,2026-06-02 10:41:00,R-10,DRINK-WATER,2,3.0,failed
T-000530,2026-06-08 13:45:00,R-05,SNACK-CHOC,1,3.5,paid
T-000505,2026-06-05 20:35:00,R-05,SNACK-CHOC,1,3.5,paid
T-000323,2026-06-11 16:32:00,R-03,SNACK-CHOC,1,3.5,paid
T-000837,2026-06-08 17:17:00,R-08,DRINK-COLA,2,5.0,paid
T-000442,2026-06-12 18:07:00,R-04,DRINK-COLA,2,5.0,paid
T-000086,2026-06-08 15:58:00,R-01,MERCH-PIN,1,6.0,paid
T-000359,2026-06-02 10:36:00,R-04,DRINK-WATER,1,1.5,paid
T-000540,2026-06-09 15:50:00,R-05,DRINK-WATER,2,3.0,paid
T-000216,2026-06-10 10:13:00,R-02,MERCH-PIN,1,600,paid
T-000778,2026-06-02 10:46:00,R-08,SNACK-CHOC,2,7.0,paid
T-000369,2026-06-03 14:38:00,R-04,DRINK-COLA,1,2.5,paid
T-000132,2026-06-14 11:16:00,R-01,DRINK-WATER,2,3.0,paid
T-000911,2026-06-04 19:46:00,R-09,SNACK-CHOC,2,7.0,paid
T-000126,2026-06-13 18:25:00,R-01,SNACK-CHOC,1,3.5,paid
T-000275,2026-06-03 13:50:00,R-03,SNACK-CHIPS,1,3.0,paid
T-000616,2026-06-05 13:32:00,R-06,DRINK-WATER,2,3.0,paid
T-000343,2026-06-13 18:45:00,R-03,SNACK-CHOC,1,3.5,paid
T-001096,2026-06-14 12:28:00,R-10,SNACK-CHOC,1,3.5,paid
T-000180,2026-06-06 15:05:00,R-02,DRINK-WATER,1,150,paid
T-000163,2026-06-05 16:41:00,R-02,SNACK-CHIPS,1,300,paid
T-000705,2026-06-01 15:07:00,R-07,SNACK-CHOC,1,3.5,paid
T-000488,2026-06-04 16:47:00,R-05,DRINK-WATER,1,1.5,failed
T-000814,2026-06-06 21:33:00,R-08,SNACK-CHOC,1,3.5,paid
T-000039,2026-06-04 19:16:00,R-01,DRINK-WATER,1,1.5,failed
T-000079,2026-06-07 15:07:00,R-01,SNACK-CHOC,1,3.5,paid
T-000302,2026-06-08 17:20:00,R-03,SNACK-CHIPS,2,6.0,paid
T-000853,2026-06-09 14:39:00,R-08,DRINK-COLA,1,2.5,paid
T-000328,2026-06-11 12:32:00,R-03,SNACK-CHIPS,1,3.0,paid
T-000015,2026-06-02 12:44:00,R-01,SNACK-CHOC,2,7.0,paid
T-000502,2026-06-05 21:33:00,R-05,SNACK-CHOC,2,7.0,paid
T-000201,2026-06-08 18:52:00,R-02,MERCH-PIN,1,600,paid
T-000763,2026-06-08 20:12:00,R-07,SNACK-CHIPS,1,3.0,paid
T-000519,2026-06-07 12:46:00,R-05,MERCH-PIN,3,18.0,paid
T-000891,2026-06-01 12:41:00,R-09,SNACK-CHOC,1,3.5,paid
T-000961,2026-06-10 21:31:00,R-09,SNACK-CHIPS,1,3.0,paid
T-000998,2026-06-14 15:16:00,R-09,MERCH-PIN,1,6.0,refunded
T-000439,2026-06-12 19:17:00,R-04,SNACK-CHIPS,2,6.0,paid
T-000118,2026-06-13 14:04:00,R-01,MERCH-PIN,1,6.0,paid
T-000831,2026-06-07 18:05:00,R-08,DRINK-COLA,1,2.5,paid
T-000539,2026-06-09 18:00:00,R-05,SNACK-CHOC,1,3.5,paid
T-000680,2026-06-12 21:13:00,R-06,DRINK-WATER,1,1.5,refunded
T-000060,2026-06-06 17:18:00,R-01,MERCH-PIN,1,6.0,paid
T-000280,2026-06-05 12:03:00,R-03,DRINK-WATER,1,1.5,paid
T-000184,2026-06-07 21:22:00,R-02,SNACK-CHIPS,2,600,paid
T-001023,2026-06-04 21:32:00,R-10,DRINK-WATER,2,3.0,paid
T-000219,2026-06-11 13:57:00,R-02,SNACK-CHIPS,1,300,paid
T-000825,2026-06-07 17:14:00,R-08,SNACK-CHIPS,1,3.0,paid
T-000387,2026-06-06 12:11:00,R-04,DRINK-COLA,1,2.5,paid
T-000089,2026-06-08 21:41:00,R-01,SNACK-CHOC,2,7.0,paid
T-000420,2026-06-09 18:48:00,R-04,MERCH-PIN,1,6.0,paid
T-000115,2026-06-12 15:38:00,R-01,DRINK-WATER,2,3.0,paid
T-000271,2026-06-03 18:51:00,R-03,DRINK-COLA,1,2.5,paid
T-001045,2026-06-07 19:06:00,R-10,DRINK-WATER,1,1.5,paid
T-000288,2026-06-05 14:34:00,R-03,DRINK-COLA,2,5.0,paid
T-000533,2026-06-09 11:26:00,R-05,MERCH-PIN,2,12.0,paid
T-000146,2026-06-02 16:31:00,R-02,DRINK-WATER,2,300,paid
T-000007,2026-06-01 17:32:00,R-01,DRINK-COLA,3,7.5,paid
T-000906,2026-06-03 21:29:00,R-09,SNACK-CHOC,1,3.5,paid
T-000572,2026-06-13 21:38:00,R-05,SNACK-CHOC,3,10.5,paid
T-000585,2026-06-14 10:12:00,R-05,DRINK-COLA,2,5.0,paid
T-001090,2026-06-12 17:08:00,R-10,SNACK-CHIPS,2,6.0,paid
T-001005,2026-06-01 11:16:00,R-10,DRINK-WATER,1,1.5,paid
T-000829,2026-06-07 21:22:00,R-08,DRINK-COLA,1,2.5,paid
T-000452,2026-06-14 21:48:00,R-04,SNACK-CHOC,1,3.5,paid
T-000175,2026-06-05 20:36:00,R-02,DRINK-COLA,3,750,paid
T-001063,2026-06-09 12:18:00,R-10,DRINK-COLA,1,2.5,paid
T-000743,2026-06-06 19:03:00,R-07,SNACK-CHOC,1,3.5,failed
T-000913,2026-06-04 14:31:00,R-09,DRINK-COLA,2,5.0,paid
T-000055,2026-06-06 14:06:00,R-01,DRINK-WATER,1,1.5,refunded
T-000348,2026-06-14 11:59:00,R-03,DRINK-COLA,1,2.5,paid
T-000586,2026-06-14 11:54:00,R-05,SNACK-CHIPS,1,3.0,paid
T-000287,2026-06-05 17:24:00,R-03,SNACK-CHIPS,2,6.0,failed
T-000466,2026-06-02 11:56:00,R-05,MERCH-PIN,1,6.0,paid
T-000947,2026-06-08 13:45:00,R-09,SNACK-CHIPS,1,3.0,paid
T-000875,2026-06-13 11:12:00,R-08,MERCH-PIN,2,12.0,paid
T-000835,2026-06-08 14:58:00,R-08,SNACK-CHOC,1,3.5,paid
T-000022,2026-06-03 21:58:00,R-01,DRINK-WATER,1,1.5,paid
T-001002,2026-06-14 14:09:00,R-09,SNACK-CHOC,1,3.5,paid
T-000256,2026-06-01 20:35:00,R-03,MERCH-PIN,2,12.0,failed
T-000421,2026-06-10 16:20:00,R-04,DRINK-COLA,2,5.0,paid
T-000606,2026-06-04 13:08:00,R-06,DRINK-COLA,2,5.0,paid
T-000779,2026-06-02 11:14:00,R-08,DRINK-WATER,1,1.5,paid
T-000649,2026-06-09 10:41:00,R-06,MERCH-PIN,1,6.0,failed
T-000078,2026-06-07 16:09:00,R-01,DRINK-WATER,3,4.5,paid
T-000119,2026-06-13 17:59:00,R-01,SNACK-CHOC,1,3.5,paid
T-000563,2026-06-13 13:09:00,R-05,DRINK-COLA,1,2.5,paid
T-000594,2026-06-01 13:51:00,R-06,SNACK-CHOC,1,3.5,paid
T-000890,2026-06-01 10:35:00,R-09,DRINK-WATER,2,3.0,paid
T-000297,2026-06-07 10:08:00,R-03,SNACK-CHIPS,2,6.0,paid
T-000799,2026-06-05 10:13:00,R-08,MERCH-PIN,1,6.0,paid
T-000600,2026-06-02 21:58:00,R-06,SNACK-CHOC,1,3.5,paid
T-000224,2026-06-12 13:31:00,R-02,SNACK-CHOC,1,350,paid
T-001051,2026-06-09 18:06:00,R-10,SNACK-CHIPS,1,3.0,paid
T-000244,2026-06-14 17:10:00,R-02,DRINK-WATER,1,150,paid
T-000279,2026-06-04 20:10:00,R-03,DRINK-WATER,1,1.5,paid
T-000531,2026-06-08 18:16:00,R-05,SNACK-CHOC,2,7.0,paid
T-000969,2026-06-11 20:42:00,R-09,SNACK-CHOC,1,3.5,failed
T-000011,2026-06-02 19:37:00,R-01,MERCH-PIN,3,18.0,paid
T-000915,2026-06-04 11:06:00,R-09,DRINK-COLA,2,5.0,paid
T-000065,2026-06-06 16:02:00,R-01,SNACK-CHOC,1,3.5,paid
T-000082,2026-06-08 14:43:00,R-01,DRINK-WATER,1,1.5,paid
T-000973,2026-06-11 11:24:00,R-09,SNACK-CHIPS,3,9.0,paid
T-000605,2026-06-04 14:14:00,R-06,DRINK-COLA,1,2.5,paid
T-000472,2026-06-03 20:15:00,R-05,MERCH-PIN,1,6.0,paid
T-000052,2026-06-06 10:30:00,R-01,SNACK-CHOC,1,3.5,paid
T-000145,2026-06-02 12:11:00,R-02,SNACK-CHOC,1,350,paid
T-000796,2026-06-04 19:19:00,R-08,MERCH-PIN,1,6.0,paid
T-000830,2026-06-07 21:09:00,R-08,SNACK-CHOC,1,3.5,paid
T-001029,2026-06-06 15:11:00,R-10,DRINK-COLA,1,2.5,paid
T-000602,2026-06-03 10:23:00,R-06,SNACK-CHOC,2,7.0,paid
T-000920,2026-06-05 15:10:00,R-09,DRINK-WATER,1,1.5,failed
T-000797,2026-06-05 16:34:00,R-08,SNACK-CHIPS,1,3.0,paid
T-000881,2026-06-13 16:52:00,R-08,DRINK-WATER,1,1.5,paid
T-000887,2026-06-01 16:08:00,R-09,MERCH-PIN,1,6.0,failed
T-000306,2026-06-09 16:53:00,R-03,MERCH-PIN,1,6.0,paid
T-000652,2026-06-09 15:06:00,R-06,SNACK-CHIPS,1,3.0,paid
T-000571,2026-06-13 16:11:00,R-05,MERCH-PIN,1,6.0,paid
T-000744,2026-06-06 12:51:00,R-07,DRINK-WATER,1,1.5,paid
T-000693,2026-06-14 11:32:00,R-06,DRINK-COLA,3,7.5,paid
T-000317,2026-06-10 17:27:00,R-03,SNACK-CHOC,1,3.5,failed
T-000067,2026-06-07 16:03:00,R-01,MERCH-PIN,1,6.0,failed
T-000836,2026-06-08 19:14:00,R-08,DRINK-WATER,1,1.5,paid
T-001099,2026-06-14 12:49:00,R-10,MERCH-PIN,1,6.0,paid
T-000024,2026-06-03 11:27:00,R-01,SNACK-CHOC,2,7.0,paid
T-000159,2026-06-04 11:37:00,R-02,DRINK-COLA,1,250,refunded
T-000413,2026-06-09 17:53:00,R-04,DRINK-WATER,1,1.5,paid
T-000025,2026-06-03 20:30:00,R-01,SNACK-CHIPS,2,6.0,failed
T-000203,2026-06-09 16:28:00,R-02,DRINK-WATER,2,300,paid
T-001084,2026-06-11 21:46:00,R-10,MERCH-PIN,1,6.0,paid
T-000923,2026-06-06 15:26:00,R-09,SNACK-CHIPS,1,3.0,failed
T-000347,2026-06-14 13:27:00,R-03,DRINK-COLA,1,2.5,paid
T-000386,2026-06-05 13:43:00,R-04,DRINK-WATER,1,1.5,paid
T-000992,2026-06-13 17:40:00,R-09,SNACK-CHOC,1,3.5,refunded
T-000267,2026-06-03 18:10:00,R-03,DRINK-COLA,2,5.0,paid
T-000703,2026-06-01 20:23:00,R-07,DRINK-COLA,1,2.5,paid
T-000262,2026-06-02 13:55:00,R-03,SNACK-CHIPS,3,9.0,paid
T-000312,2026-06-09 21:36:00,R-03,SNACK-CHIPS,2,6.0,paid
T-000107,2026-06-10 15:00:00,R-01,DRINK-WATER,1,1.5,paid
T-000337,2026-06-13 19:21:00,R-03,SNACK-CHIPS,1,3.0,paid
T-000418,2026-06-09 14:26:00,R-04,SNACK-CHIPS,1,3.0,paid
T-000393,2026-06-06 14:48:00,R-04,DRINK-COLA,1,2.5,paid
T-000608,2026-06-04 13:35:00,R-06,DRINK-COLA,2,5.0,paid
T-000134,2026-06-14 19:14:00,R-01,MERCH-PIN,1,6.0,paid
T-000187,2026-06-07 12:44:00,R-02,DRINK-WATER,1,150,failed
T-000301,2026-06-08 12:58:00,R-03,MERCH-PIN,1,6.0,paid
T-000732,2026-06-04 10:13:00,R-07,SNACK-CHIPS,1,3.0,paid
T-000792,2026-06-04 21:17:00,R-08,SNACK-CHIPS,1,3.0,paid
T-000651,2026-06-09 18:18:00,R-06,DRINK-WATER,1,1.5,paid
T-000008,2026-06-02 19:08:00,R-01,DRINK-WATER,2,3.0,refunded
T-001092,2026-06-12 21:25:00,R-10,DRINK-COLA,2,5.0,paid
T-000252,2026-06-01 18:12:00,R-03,MERCH-PIN,1,6.0,paid
T-000161,2026-06-04 13:27:00,R-02,MERCH-PIN,2,1200,paid
T-000547,2026-06-10 17:27:00,R-05,MERCH-PIN,1,6.0,paid
T-000449,2026-06-13 14:03:00,R-04,MERCH-PIN,2,12.0,paid
T-000981,2026-06-12 17:54:00,R-09,DRINK-WATER,1,1.5,paid
T-000480,2026-06-03 13:28:00,R-05,DRINK-COLA,1,2.5,paid
T-000565,2026-06-13 13:06:00,R-05,MERCH-PIN,1,6.0,paid
T-000450,2026-06-14 12:17:00,R-04,DRINK-WATER,2,3.0,refunded
T-000978,2026-06-12 11:42:00,R-09,SNACK-CHIPS,2,6.0,paid
T-000382,2026-06-05 20:57:00,R-04,SNACK-CHOC,1,3.5,paid
T-000469,2026-06-02 15:53:00,R-05,SNACK-CHOC,1,3.5,paid
T-000678,2026-06-12 10:32:00,R-06,SNACK-CHIPS,2,6.0,paid
T-000555,2026-06-12 12:45:00,R-05,SNACK-CHIPS,3,9.0,paid
T-000250,2026-06-01 17:16:00,R-03,SNACK-CHOC,1,3.5,paid
T-000842,2026-06-08 16:48:00,R-08,SNACK-CHOC,1,3.5,paid
T-000760,2026-06-08 20:54:00,R-07,DRINK-WATER,1,1.5,paid
T-000782,2026-06-02 15:05:00,R-08,MERCH-PIN,1,6.0,paid
T-000510,2026-06-06 17:56:00,R-05,MERCH-PIN,1,6.0,paid
T-000597,2026-06-02 15:47:00,R-06,MERCH-PIN,1,6.0,paid
T-000635,2026-06-08 13:29:00,R-06,SNACK-CHOC,2,7.0,paid
T-000783,2026-06-02 11:17:00,R-08,SNACK-CHIPS,1,3.0,refunded
T-000824,2026-06-07 19:53:00,R-08,MERCH-PIN,1,6.0,paid
T-000247,2026-06-14 12:03:00,R-02,MERCH-PIN,1,600,paid
T-000926,2026-06-06 15:58:00,R-09,MERCH-PIN,1,6.0,paid
T-000716,2026-06-02 17:30:00,R-07,SNACK-CHIPS,2,6.0,failed
T-000109,2026-06-11 20:17:00,R-01,SNACK-CHIPS,3,9.0,paid
T-000070,2026-06-07 19:12:00,R-01,DRINK-WATER,1,1.5,paid
T-000368,2026-06-03 11:52:00,R-04,SNACK-CHIPS,1,3.0,paid
T-000692,2026-06-14 11:29:00,R-06,SNACK-CHIPS,1,3.0,paid
T-001079,2026-06-11 12:12:00,R-10,DRINK-COLA,1,2.5,paid
T-000928,2026-06-06 15:55:00,R-09,DRINK-COLA,2,5.0,paid
T-001056,2026-06-09 16:32:00,R-10,MERCH-PIN,3,18.0,paid
T-000230,2026-06-12 10:38:00,R-02,MERCH-PIN,2,1200,paid
T-000857,2026-06-10 21:03:00,R-08,SNACK-CHOC,1,3.5,failed
T-000909,2026-06-04 12:56:00,R-09,MERCH-PIN,2,12.0,paid
T-000567,2026-06-13 12:11:00,R-05,MERCH-PIN,2,12.0,paid
T-000855,2026-06-10 13:53:00,R-08,SNACK-CHIPS,3,9.0,paid
T-000381,2026-06-05 13:06:00,R-04,SNACK-CHIPS,1,3.0,paid
T-000249,2026-06-14 21:22:00,R-02,DRINK-COLA,1,250,paid
T-001028,2026-06-06 19:54:00,R-10,DRINK-WATER,3,4.5,paid
T-000809,2026-06-06 15:23:00,R-08,SNACK-CHOC,1,3.5,paid
T-000047,2026-06-05 13:41:00,R-01,DRINK-COLA,1,2.5,paid
T-000202,2026-06-08 20:24:00,R-02,MERCH-PIN,2,1200,paid
T-000151,2026-06-02 14:23:00,R-02,DRINK-COLA,1,250,paid
T-001010,2026-06-02 20:36:00,R-10,DRINK-WATER,1,1.5,paid
T-001012,2026-06-02 18:41:00,R-10,MERCH-PIN,1,6.0,paid
T-000284,2026-06-05 19:15:00,R-03,MERCH-PIN,1,6.0,paid
T-000158,2026-06-04 20:00:00,R-02,SNACK-CHOC,1,350,paid
T-000642,2026-06-08 14:14:00,R-06,MERCH-PIN,1,6.0,paid
T-000607,2026-06-04 19:18:00,R-06,DRINK-WATER,1,1.5,paid
T-000851,2026-06-09 19:10:00,R-08,SNACK-CHIPS,1,3.0,paid
T-000704,2026-06-01 12:20:00,R-07,SNACK-CHOC,2,7.0,paid
T-000711,2026-06-01 18:28:00,R-07,SNACK-CHIPS,1,3.0,paid
T-000100,2026-06-10 10:08:00,R-01,DRINK-COLA,2,5.0,paid
T-000720,2026-06-03 21:47:00,R-07,DRINK-WATER,1,1.5,paid
T-000339,2026-06-13 13:21:00,R-03,MERCH-PIN,2,12.0,paid
T-000588,2026-06-14 18:11:00,R-05,DRINK-WATER,1,1.5,paid
T-000654,2026-06-10 10:52:00,R-06,SNACK-CHOC,1,3.5,paid
T-000372,2026-06-04 12:01:00,R-04,MERCH-PIN,2,12.0,paid
T-000641,2026-06-08 11:21:00,R-06,DRINK-COLA,1,2.5,paid
T-000873,2026-06-13 15:27:00,R-08,SNACK-CHIPS,1,3.0,paid
T-000240,2026-06-13 16:59:00,R-02,DRINK-WATER,1,150,paid
T-000143,2026-06-02 10:39:00,R-02,DRINK-WATER,1,150,paid
T-001081,2026-06-11 18:27:00,R-10,DRINK-COLA,1,2.5,paid
T-000026,2026-06-03 16:37:00,R-01,SNACK-CHOC,1,3.5,paid
T-000218,2026-06-11 12:39:00,R-02,MERCH-PIN,3,1800,paid
T-000481,2026-06-03 17:43:00,R-05,SNACK-CHIPS,1,3.0,failed
T-000141,2026-06-01 16:58:00,R-02,DRINK-COLA,1,250,paid
T-000051,2026-06-05 20:51:00,R-01,DRINK-COLA,2,5.0,paid
T-000903,2026-06-03 16:40:00,R-09,SNACK-CHIPS,2,6.0,paid
T-000081,2026-06-08 15:33:00,R-01,SNACK-CHOC,1,3.5,paid
T-000936,2026-06-07 17:05:00,R-09,DRINK-COLA,1,2.5,paid
T-000924,2026-06-06 18:25:00,R-09,SNACK-CHOC,2,7.0,paid
T-001024,2026-06-04 20:49:00,R-10,SNACK-CHIPS,2,6.0,paid
T-000747,2026-06-06 20:33:00,R-07,SNACK-CHOC,1,3.5,paid
T-000838,2026-06-08 14:08:00,R-08,SNACK-CHOC,1,3.5,paid
T-000956,2026-06-10 18:21:00,R-09,MERCH-PIN,3,18.0,failed
T-000495,2026-06-05 16:02:00,R-05,DRINK-WATER,1,1.5,paid
T-000767,2026-06-08 10:55:00,R-07,DRINK-WATER,1,1.5,refunded
T-000663,2026-06-11 18:20:00,R-06,DRINK-WATER,1,1.5,paid
T-000293,2026-06-06 14:35:00,R-03,SNACK-CHIPS,1,3.0,paid
T-000228,2026-06-12 10:27:00,R-02,MERCH-PIN,1,600,paid
T-000789,2026-06-03 19:50:00,R-08,DRINK-COLA,1,2.5,paid
T-000721,2026-06-03 14:30:00,R-07,SNACK-CHOC,1,3.5,paid
T-000834,2026-06-08 11:38:00,R-08,DRINK-COLA,1,2.5,paid
T-000057,2026-06-06 18:22:00,R-01,SNACK-CHOC,1,3.5,paid
T-000196,2026-06-08 21:18:00,R-02,SNACK-CHOC,1,350,paid
T-000016,2026-06-02 19:26:00,R-01,MERCH-PIN,1,6.0,paid
T-000583,2026-06-14 14:49:00,R-05,MERCH-PIN,2,12.0,paid
T-001074,2026-06-10 17:31:00,R-10,DRINK-COLA,1,2.5,failed
T-000045,2026-06-05 19:26:00,R-01,SNACK-CHOC,3,10.5,paid
T-001075,2026-06-11 10:42:00,R-10,DRINK-WATER,1,1.5,paid
T-000344,2026-06-13 12:00:00,R-03,MERCH-PIN,2,12.0,paid
T-000517,2026-06-07 19:39:00,R-05,MERCH-PIN,1,6.0,paid
T-000561,2026-06-12 15:11:00,R-05,DRINK-WATER,1,1.5,paid
T-000048,2026-06-05 18:06:00,R-01,SNACK-CHIPS,1,3.0,paid
T-000614,2026-06-05 12:37:00,R-06,DRINK-WATER,1,1.5,paid
T-000541,2026-06-09 17:03:00,R-05,DRINK-COLA,1,2.5,failed
T-000463,2026-06-02 12:52:00,R-05,MERCH-PIN,1,6.0,paid
T-001087,2026-06-11 13:43:00,R-10,SNACK-CHIPS,1,3.0,paid
T-000750,2026-06-06 15:03:00,R-07,DRINK-WATER,3,4.5,paid
T-000900,2026-06-02 20:19:00,R-09,SNACK-CHIPS,1,3.0,paid
T-000195,2026-06-08 18:27:00,R-02,DRINK-COLA,2,500,paid
T-000636,2026-06-08 12:52:00,R-06,SNACK-CHIPS,1,3.0,paid
T-000174,2026-06-05 17:12:00,R-02,MERCH-PIN,1,600,paid
T-000959,2026-06-10 14:28:00,R-09,SNACK-CHIPS,1,3.0,paid
T-000378,2026-06-04 21:33:00,R-04,SNACK-CHOC,2,7.0,paid
T-000689,2026-06-14 18:37:00,R-06,MERCH-PIN,2,12.0,paid
T-000072,2026-06-07 16:58:00,R-01,DRINK-COLA,2,5.0,paid
T-000392,2026-06-06 10:45:00,R-04,DRINK-WATER,1,1.5,paid
T-000390,2026-06-06 19:22:00,R-04,SNACK-CHOC,1,3.5,paid
T-000897,2026-06-02 18:29:00,R-09,SNACK-CHIPS,1,3.0,paid
T-000012,2026-06-02 15:25:00,R-01,MERCH-PIN,1,6.0,paid
T-000772,2026-06-01 17:55:00,R-08,SNACK-CHOC,1,3.5,paid
T-000087,2026-06-08 17:59:00,R-01,SNACK-CHIPS,1,3.0,paid
T-000798,2026-06-05 21:17:00,R-08,MERCH-PIN,2,12.0,paid
T-000315,2026-06-09 21:52:00,R-03,DRINK-WATER,1,1.5,paid
T-000074,2026-06-07 15:08:00,R-01,DRINK-WATER,1,1.5,paid
T-000414,2026-06-09 14:31:00,R-04,SNACK-CHIPS,2,6.0,paid
T-001071,2026-06-10 11:19:00,R-10,MERCH-PIN,1,6.0,paid
T-000999,2026-06-14 15:55:00,R-09,DRINK-WATER,3,4.5,paid
T-000580,2026-06-14 12:33:00,R-05,SNACK-CHOC,2,7.0,paid
T-000470,2026-06-02 10:01:00,R-05,DRINK-WATER,1,1.5,paid
T-000514,2026-06-07 17:33:00,R-05,MERCH-PIN,1,6.0,paid
T-000162,2026-06-04 15:57:00,R-02,DRINK-COLA,3,750,paid
T-000861,2026-06-10 13:15:00,R-08,DRINK-COLA,1,2.5,paid
T-000189,2026-06-07 18:44:00,R-02,DRINK-COLA,1,250,paid
T-000902,2026-06-03 20:49:00,R-09,DRINK-WATER,3,4.5,paid
T-000528,2026-06-08 21:33:00,R-05,MERCH-PIN,1,6.0,paid
T-000993,2026-06-13 17:11:00,R-09,DRINK-WATER,1,1.5,paid
T-000839,2026-06-08 13:09:00,R-08,SNACK-CHIPS,3,9.0,paid
T-001039,2026-06-07 14:08:00,R-10,DRINK-WATER,1,1.5,paid
T-000408,2026-06-08 20:54:00,R-04,DRINK-COLA,1,2.5,paid
T-000154,2026-06-03 13:12:00,R-02,MERCH-PIN,1,600,paid
T-000965,2026-06-10 15:04:00,R-09,MERCH-PIN,2,12.0,paid
T-000335,2026-06-12 21:06:00,R-03,SNACK-CHIPS,1,3.0,paid
T-000598,2026-06-02 12:13:00,R-06,DRINK-COLA,1,2.5,paid
T-000932,2026-06-06 14:39:00,R-09,DRINK-COLA,2,5.0,paid
T-000558,2026-06-12 21:29:00,R-05,SNACK-CHIPS,1,3.0,refunded
T-000214,2026-06-09 11:16:00,R-02,DRINK-WATER,1,150,paid
T-000816,2026-06-06 19:30:00,R-08,MERCH-PIN,1,6.0,paid
T-001033,2026-06-07 17:49:00,R-10,SNACK-CHIPS,1,3.0,paid
T-000757,2026-06-08 17:03:00,R-07,SNACK-CHIPS,2,6.0,paid
T-000426,2026-06-10 17:31:00,R-04,SNACK-CHOC,2,7.0,paid
T-000127,2026-06-13 10:30:00,R-01,MERCH-PIN,1,6.0,paid
T-000433,2026-06-12 10:43:00,R-04,DRINK-COLA,2,5.0,paid
T-000364,2026-06-03 18:13:00,R-04,SNACK-CHOC,2,7.0,paid
T-000471,2026-06-02 18:22:00,R-05,SNACK-CHOC,2,7.0,paid
T-000753,2026-06-07 13:13:00,R-07,SNACK-CHIPS,1,3.0,paid
T-000316,2026-06-10 18:22:00,R-03,MERCH-PIN,1,6.0,paid
T-000123,2026-06-13 13:15:00,R-01,SNACK-CHIPS,1,3.0,paid
T-000361,2026-06-03 20:57:00,R-04,DRINK-COLA,3,7.5,paid
T-000554,2026-06-12 14:50:00,R-05,MERCH-PIN,1,6.0,paid
T-001006,2026-06-02 11:50:00,R-10,DRINK-COLA,1,2.5,paid
T-000977,2026-06-12 10:31:00,R-09,DRINK-COLA,1,2.5,paid
T-000639,2026-06-08 17:15:00,R-06,DRINK-WATER,1,1.5,paid
T-000290,2026-06-05 12:15:00,R-03,MERCH-PIN,1,6.0,paid
T-000939,2026-06-07 20:21:00,R-09,DRINK-WATER,2,3.0,paid
T-000878,2026-06-13 11:20:00,R-08,SNACK-CHOC,1,3.5,paid
T-000304,2026-06-09 16:49:00,R-03,DRINK-WATER,1,1.5,paid
T-000073,2026-06-07 15:58:00,R-01,MERCH-PIN,1,6.0,paid
T-000395,2026-06-06 13:31:00,R-04,SNACK-CHOC,2,7.0,paid
T-000581,2026-06-14 12:51:00,R-05,SNACK-CHOC,2,7.0,paid
T-001089,2026-06-12 14:04:00,R-10,DRINK-WATER,1,1.5,paid
T-000124,2026-06-13 13:30:00,R-01,MERCH-PIN,1,6.0,paid
T-000496,2026-06-05 18:39:00,R-05,SNACK-CHOC,2,7.0,paid
T-000882,2026-06-14 12:33:00,R-08,SNACK-CHOC,1,3.5,paid
T-000683,2026-06-12 14:12:00,R-06,MERCH-PIN,1,6.0,paid
T-000428,2026-06-11 12:16:00,R-04,DRINK-COLA,1,2.5,paid
T-000657,2026-06-10 14:05:00,R-06,SNACK-CHOC,1,3.5,paid
T-000176,2026-06-05 13:06:00,R-02,SNACK-CHOC,1,350,paid
T-000002,2026-06-01 13:06:00,R-01,SNACK-CHIPS,1,3.0,paid
T-000464,2026-06-02 19:29:00,R-05,SNACK-CHOC,1,3.5,paid
T-000912,2026-06-04 11:01:00,R-09,DRINK-WATER,1,1.5,failed
T-000097,2026-06-10 11:59:00,R-01,DRINK-WATER,1,1.5,paid
T-000832,2026-06-07 21:28:00,R-08,MERCH-PIN,2,12.0,refunded
T-000139,2026-06-01 17:11:00,R-02,MERCH-PIN,1,600,refunded
T-000564,2026-06-13 21:13:00,R-05,MERCH-PIN,2,12.0,paid
T-000737,2026-06-05 18:59:00,R-07,SNACK-CHIPS,1,3.0,paid
T-001095,2026-06-13 21:51:00,R-10,SNACK-CHOC,1,3.5,paid
T-000755,2026-06-08 19:26:00,R-07,DRINK-COLA,3,7.5,paid
T-000575,2026-06-13 19:20:00,R-05,SNACK-CHIPS,3,9.0,refunded
T-001060,2026-06-09 11:56:00,R-10,MERCH-PIN,1,6.0,refunded
T-000630,2026-06-07 21:27:00,R-06,MERCH-PIN,1,6.0,paid
T-000500,2026-06-05 10:05:00,R-05,SNACK-CHIPS,1,3.0,paid
T-000136,2026-06-14 15:16:00,R-01,DRINK-WATER,1,1.5,paid
T-000226,2026-06-12 16:23:00,R-02,DRINK-WATER,3,450,paid
T-000212,2026-06-09 17:08:00,R-02,SNACK-CHOC,1,350,paid
T-000239,2026-06-13 10:12:00,R-02,SNACK-CHIPS,1,300,paid
T-000708,2026-06-01 21:12:00,R-07,SNACK-CHIPS,1,3.0,paid
T-000092,2026-06-09 12:13:00,R-01,MERCH-PIN,1,6.0,failed
T-000807,2026-06-05 12:10:00,R-08,SNACK-CHOC,1,3.5,paid
T-000914,2026-06-04 14:11:00,R-09,SNACK-CHIPS,2,6.0,paid
T-000005,2026-06-01 11:13:00,R-01,DRINK-COLA,1,2.5,paid
T-000200,2026-06-08 15:15:00,R-02,DRINK-COLA,1,250,paid
T-000727,2026-06-03 10:56:00,R-07,SNACK-CHOC,2,7.0,paid
T-001043,2026-06-07 18:55:00,R-10,SNACK-CHOC,1,3.5,paid
T-000527,2026-06-08 19:49:00,R-05,DRINK-WATER,1,1.5,paid
T-000611,2026-06-04 14:15:00,R-06,DRINK-COLA,2,5.0,paid
T-000396,2026-06-06 10:14:00,R-04,DRINK-COLA,2,5.0,paid
T-000191,2026-06-07 19:43:00,R-02,DRINK-COLA,2,500,paid
T-000950,2026-06-09 16:07:00,R-09,DRINK-COLA,3,7.5,failed
T-000877,2026-06-13 19:12:00,R-08,DRINK-WATER,3,4.5,paid
T-000645,2026-06-08 20:37:00,R-06,DRINK-COLA,2,5.0,failed
T-000984,2026-06-13 11:24:00,R-09,MERCH-PIN,1,6.0,paid
T-000400,2026-06-07 10:05:00,R-04,SNACK-CHIPS,2,6.0,paid
T-000314,2026-06-09 16:54:00,R-03,DRINK-WATER,2,3.0,paid
T-000675,2026-06-12 16:55:00,R-06,DRINK-COLA,1,2.5,paid
T-000491,2026-06-04 15:10:00,R-05,DRINK-WATER,1,1.5,paid
T-001080,2026-06-11 15:10:00,R-10,DRINK-COLA,1,2.5,paid
T-000980,2026-06-12 20:22:00,R-09,SNACK-CHIPS,1,3.0,paid
T-000626,2026-06-07 14:40:00,R-06,MERCH-PIN,1,6.0,paid
T-000493,2026-06-04 12:23:00,R-05,SNACK-CHIPS,1,3.0,paid
T-000787,2026-06-03 11:43:00,R-08,SNACK-CHOC,1,3.5,paid
T-000968,2026-06-11 16:54:00,R-09,DRINK-COLA,2,5.0,paid
T-000664,2026-06-11 16:52:00,R-06,SNACK-CHIPS,1,3.0,paid
T-000522,2026-06-08 12:02:00,R-05,MERCH-PIN,2,12.0,paid
T-000429,2026-06-11 10:45:00,R-04,DRINK-WATER,2,3.0,paid
T-000499,2026-06-05 11:06:00,R-05,SNACK-CHIPS,1,3.0,paid
T-000397,2026-06-06 17:36:00,R-04,DRINK-WATER,1,1.5,paid
T-000208,2026-06-09 11:38:00,R-02,DRINK-WATER,1,150,paid
T-000292,2026-06-06 20:44:00,R-03,SNACK-CHIPS,2,6.0,paid
T-000964,2026-06-10 11:32:00,R-09,DRINK-COLA,1,2.5,paid
T-000321,2026-06-10 16:59:00,R-03,SNACK-CHIPS,2,6.0,paid
T-000701,2026-06-01 17:43:00,R-07,SNACK-CHOC,2,7.0,paid
T-000268,2026-06-03 16:42:00,R-03,DRINK-WATER,1,1.5,refunded
T-001003,2026-06-01 21:01:00,R-10,MERCH-PIN,1,6.0,paid
T-000970,2026-06-11 14:19:00,R-09,SNACK-CHIPS,1,3.0,paid
T-000416,2026-06-09 13:36:00,R-04,SNACK-CHIPS,1,3.0,failed
T-000895,2026-06-01 16:22:00,R-09,SNACK-CHIPS,1,3.0,paid
T-000934,2026-06-06 20:50:00,R-09,DRINK-COLA,3,7.5,paid
T-000192,2026-06-08 11:27:00,R-02,DRINK-WATER,1,150,paid
T-000076,2026-06-07 10:50:00,R-01,DRINK-WATER,1,1.5,paid
T-000748,2026-06-06 18:42:00,R-07,MERCH-PIN,1,6.0,paid
T-001052,2026-06-09 17:35:00,R-10,SNACK-CHOC,1,3.5,paid
T-000955,2026-06-10 16:35:00,R-09,DRINK-WATER,2,3.0,paid
T-000476,2026-06-03 11:34:00,R-05,DRINK-WATER,1,1.5,paid
T-000172,2026-06-05 12:09:00,R-02,DRINK-COLA,2,500,paid
T-000305,2026-06-09 12:10:00,R-03,SNACK-CHIPS,1,3.0,paid
T-000957,2026-06-10 14:42:00,R-09,DRINK-WATER,1,1.5,paid
T-000424,2026-06-10 11:14:00,R-04,SNACK-CHOC,2,7.0,paid
T-000951,2026-06-09 12:31:00,R-09,MERCH-PIN,1,6.0,paid
T-000841,2026-06-08 14:49:00,R-08,MERCH-PIN,1,6.0,paid
T-000391,2026-06-06 14:09:00,R-04,SNACK-CHIPS,3,9.0,paid
T-000407,2026-06-08 12:07:00,R-04,DRINK-WATER,2,3.0,paid
T-000644,2026-06-08 19:13:00,R-06,SNACK-CHIPS,2,6.0,paid
T-000236,2026-06-13 14:58:00,R-02,DRINK-WATER,1,150,failed
T-000972,2026-06-11 16:39:00,R-09,DRINK-COLA,1,2.5,failed
T-000780,2026-06-02 21:59:00,R-08,SNACK-CHIPS,1,3.0,paid
T-000257,2026-06-02 15:04:00,R-03,MERCH-PIN,3,18.0,paid
T-001065,2026-06-10 13:21:00,R-10,DRINK-WATER,1,1.5,paid
T-000034,2026-06-03 17:04:00,R-01,SNACK-CHIPS,1,3.0,paid
T-000210,2026-06-09 16:53:00,R-02,DRINK-COLA,1,250,paid
T-000518,2026-06-07 13:28:00,R-05,DRINK-COLA,1,2.5,paid
T-000236,2026-06-13 14:58:00,R-02,DRINK-WATER,1,150,failed
T-000552,2026-06-11 16:28:00,R-05,DRINK-WATER,1,1.5,failed
T-000389,2026-06-06 17:32:00,R-04,MERCH-PIN,1,6.0,failed
T-000043,2026-06-05 11:33:00,R-01,DRINK-WATER,2,3.0,paid
T-001019,2026-06-03 15:49:00,R-10,SNACK-CHOC,1,3.5,paid
T-000291,2026-06-05 15:47:00,R-03,DRINK-WATER,1,1.5,paid
T-000404,2026-06-08 12:06:00,R-04,DRINK-WATER,1,1.5,paid
T-000819,2026-06-06 18:32:00,R-08,DRINK-WATER,1,1.5,paid
T-000220,2026-06-11 21:43:00,R-02,SNACK-CHIPS,1,300,paid
T-000030,2026-06-03 11:20:00,R-01,SNACK-CHIPS,3,9.0,paid
T-000685,2026-06-13 10:56:00,R-06,DRINK-COLA,1,2.5,paid
T-000927,2026-06-06 21:48:00,R-09,DRINK-WATER,1,1.5,paid
T-000018,2026-06-02 15:03:00,R-01,SNACK-CHIPS,1,3.0,paid
T-000419,2026-06-09 14:47:00,R-04,SNACK-CHIPS,1,3.0,paid
T-000557,2026-06-12 15:53:00,R-05,SNACK-CHIPS,1,3.0,paid
T-000943,2026-06-08 12:14:00,R-09,MERCH-PIN,1,6.0,paid
T-000536,2026-06-09 20:52:00,R-05,SNACK-CHOC,1,3.5,paid
T-000632,2026-06-07 21:53:00,R-06,DRINK-COLA,1,2.5,paid
T-000319,2026-06-10 11:35:00,R-03,SNACK-CHOC,2,7.0,failed
T-000084,2026-06-08 20:02:00,R-01,SNACK-CHOC,1,3.5,paid
T-000576,2026-06-14 18:54:00,R-05,SNACK-CHIPS,2,6.0,failed
T-000663,2026-06-11 18:20:00,R-06,DRINK-WATER,1,1.5,paid
T-000157,2026-06-03 17:04:00,R-02,DRINK-COLA,1,250,paid
T-001101,2026-06-14 19:45:00,R-10,DRINK-COLA,1,2.5,paid
T-000295,2026-06-06 21:35:00,R-03,SNACK-CHOC,1,3.5,paid
T-001097,2026-06-14 19:06:00,R-10,MERCH-PIN,1,6.0,paid
T-000591,2026-06-01 16:52:00,R-06,SNACK-CHIPS,2,6.0,paid
T-000888,2026-06-01 10:49:00,R-09,DRINK-WATER,1,1.5,paid
T-000014,2026-06-02 21:27:00,R-01,SNACK-CHIPS,1,3.0,paid
T-000603,2026-06-03 12:07:00,R-06,SNACK-CHIPS,1,3.0,paid
T-000794,2026-06-04 19:34:00,R-08,SNACK-CHOC,1,3.5,paid
T-000001,2026-06-01 20:21:00,R-01,SNACK-CHOC,1,3.5,paid
T-001098,2026-06-14 12:19:00,R-10,SNACK-CHOC,1,3.5,failed
T-000245,2026-06-14 11:23:00,R-02,DRINK-COLA,1,250,paid
T-000362,2026-06-03 11:58:00,R-04,SNACK-CHOC,1,3.5,paid
T-000710,2026-06-01 17:19:00,R-07,MERCH-PIN,1,6.0,paid
T-000454,2026-06-14 18:41:00,R-04,SNACK-CHOC,2,7.0,paid
T-000492,2026-06-04 21:02:00,R-05,SNACK-CHIPS,1,3.0,paid
T-000646,2026-06-08 14:34:00,R-06,DRINK-WATER,1,1.5,paid
T-000935,2026-06-06 16:05:00,R-09,MERCH-PIN,1,6.0,paid
T-000898,2026-06-02 16:24:00,R-09,DRINK-WATER,1,1.5,paid
T-000728,2026-06-03 13:57:00,R-07,MERCH-PIN,1,6.0,refunded
T-000833,2026-06-08 21:14:00,R-08,MERCH-PIN,1,6.0,paid
T-000524,2026-06-08 16:17:00,R-05,DRINK-COLA,1,2.5,paid
T-000434,2026-06-12 13:38:00,R-04,MERCH-PIN,1,6.0,paid
T-000916,2026-06-04 12:27:00,R-09,SNACK-CHOC,2,7.0,paid
T-000383,2026-06-05 11:09:00,R-04,SNACK-CHOC,1,3.5,paid
T-000658,2026-06-10 13:06:00,R-06,DRINK-COLA,1,2.5,paid
T-001048,2026-06-08 13:12:00,R-10,SNACK-CHOC,2,7.0,paid
T-000633,2026-06-07 12:41:00,R-06,SNACK-CHIPS,2,6.0,failed
T-000444,2026-06-13 18:15:00,R-04,SNACK-CHIPS,1,3.0,paid
T-001088,2026-06-12 19:44:00,R-10,SNACK-CHOC,2,7.0,paid
T-000286,2026-06-05 17:14:00,R-03,DRINK-WATER,1,1.5,paid
T-000436,2026-06-12 11:00:00,R-04,MERCH-PIN,1,6.0,paid
T-000278,2026-06-04 19:44:00,R-03,SNACK-CHOC,1,3.5,paid
T-001055,2026-06-09 13:00:00,R-10,MERCH-PIN,1,6.0,paid
T-000377,2026-06-04 21:05:00,R-04,DRINK-WATER,2,3.0,paid
T-000346,2026-06-14 11:05:00,R-03,SNACK-CHIPS,2,6.0,paid
T-000666,2026-06-11 19:32:00,R-06,SNACK-CHOC,1,3.5,paid
T-000618,2026-06-06 21:34:00,R-06,MERCH-PIN,2,12.0,failed
T-000171,2026-06-05 17:48:00,R-02,SNACK-CHIPS,2,600,paid
T-000674,2026-06-12 21:22:00,R-06,SNACK-CHOC,2,7.0,paid
T-000401,2026-06-07 21:31:00,R-04,MERCH-PIN,1,6.0,paid
T-000858,2026-06-10 19:40:00,R-08,SNACK-CHOC,1,3.5,paid
T-000627,2026-06-07 17:28:00,R-06,MERCH-PIN,1,6.0,paid
T-000822,2026-06-07 11:58:00,R-08,SNACK-CHOC,1,3.5,paid
T-000425,2026-06-10 17:21:00,R-04,SNACK-CHIPS,1,3.0,paid
T-000181,2026-06-06 13:43:00,R-02,SNACK-CHIPS,3,900,paid
T-001017,2026-06-03 20:56:00,R-10,MERCH-PIN,2,12.0,refunded
T-000885,2026-06-14 18:09:00,R-08,DRINK-COLA,1,2.5,paid
T-000777,2026-06-01 12:05:00,R-08,SNACK-CHIPS,2,6.0,failed
T-000402,2026-06-08 16:11:00,R-04,DRINK-COLA,1,2.5,failed
T-000702,2026-06-01 15:21:00,R-07,MERCH-PIN,1,6.0,paid
T-000781,2026-06-02 19:57:00,R-08,SNACK-CHOC,2,7.0,refunded
T-000729,2026-06-03 17:54:00,R-07,SNACK-CHOC,1,3.5,paid
T-000156,2026-06-03 12:41:00,R-02,MERCH-PIN,1,600,paid
T-000506,2026-06-05 19:36:00,R-05,SNACK-CHOC,1,3.5,paid
T-000241,2026-06-13 20:56:00,R-02,SNACK-CHOC,1,350,paid
T-000638,2026-06-08 11:47:00,R-06,DRINK-COLA,1,2.5,paid
T-000423,2026-06-10 18:18:00,R-04,DRINK-WATER,1,1.5,failed
T-000061,2026-06-06 20:25:00,R-01,SNACK-CHIPS,2,6.0,paid
T-000037,2026-06-04 17:33:00,R-01,SNACK-CHIPS,1,3.0,paid
T-000435,2026-06-12 17:29:00,R-04,DRINK-WATER,1,1.5,paid
T-000620,2026-06-06 13:35:00,R-06,MERCH-PIN,1,6.0,paid
T-000754,2026-06-07 19:23:00,R-07,SNACK-CHOC,1,3.5,paid
T-000178,2026-06-06 15:00:00,R-02,MERCH-PIN,2,1200,paid
T-000405,2026-06-08 20:24:00,R-04,SNACK-CHOC,1,3.5,paid
T-000886,2026-06-01 18:37:00,R-09,MERCH-PIN,2,12.0,failed
T-000845,2026-06-08 19:35:00,R-08,SNACK-CHIPS,1,3.0,paid
T-000289,2026-06-05 19:24:00,R-03,SNACK-CHOC,1,3.5,paid
T-000324,2026-06-11 16:16:00,R-03,SNACK-CHOC,3,10.5,paid
T-000617,2026-06-05 21:04:00,R-06,SNACK-CHOC,1,3.5,paid
T-001105,2026-06-14 15:57:00,R-10,DRINK-WATER,1,1.5,paid
T-000596,2026-06-01 10:06:00,R-06,SNACK-CHIPS,2,6.0,paid
T-000465,2026-06-02 16:25:00,R-05,SNACK-CHIPS,2,6.0,paid
T-001031,2026-06-06 16:34:00,R-10,MERCH-PIN,1,6.0,paid
T-000850,2026-06-09 18:27:00,R-08,SNACK-CHOC,2,7.0,failed
T-000188,2026-06-07 12:36:00,R-02,MERCH-PIN,2,1200,paid
T-000731,2026-06-03 11:47:00,R-07,DRINK-COLA,1,2.5,refunded
T-000206,2026-06-09 20:28:00,R-02,SNACK-CHIPS,2,600,failed
T-000144,2026-06-02 17:09:00,R-02,SNACK-CHIPS,2,600,paid
